--------------------------------------------------------
-- Archivo creado  - lunes-mayo-27-2024   
--------------------------------------------------------
--------------------------------------------------------
--  DDL for Sequence SEQ_DOCENTE_ID
--------------------------------------------------------

   CREATE SEQUENCE  "PROYECTOBD2"."SEQ_DOCENTE_ID"  MINVALUE 1 MAXVALUE 9999999999999999999999999999 INCREMENT BY 1 START WITH 11 NOCACHE  NOORDER  NOCYCLE  NOKEEP  NOSCALE  GLOBAL ;
--------------------------------------------------------
--  DDL for Sequence SEQ_ESTUDIANTE_ID
--------------------------------------------------------

   CREATE SEQUENCE  "PROYECTOBD2"."SEQ_ESTUDIANTE_ID"  MINVALUE 1 MAXVALUE 9999999999999999999999999999 INCREMENT BY 1 START WITH 15 NOCACHE  NOORDER  NOCYCLE  NOKEEP  NOSCALE  GLOBAL ;
--------------------------------------------------------
--  DDL for Sequence SEQ_EXAMEN_ID
--------------------------------------------------------

   CREATE SEQUENCE  "PROYECTOBD2"."SEQ_EXAMEN_ID"  MINVALUE 1 MAXVALUE 9999999999999999999999999999 INCREMENT BY 1 START WITH 27 NOCACHE  NOORDER  NOCYCLE  NOKEEP  NOSCALE  GLOBAL ;
--------------------------------------------------------
--  DDL for Sequence SEQ_PREGUNTA_ID
--------------------------------------------------------

   CREATE SEQUENCE  "PROYECTOBD2"."SEQ_PREGUNTA_ID"  MINVALUE 1 MAXVALUE 9999999999999999999999999999 INCREMENT BY 1 START WITH 38 NOCACHE  NOORDER  NOCYCLE  NOKEEP  NOSCALE  GLOBAL ;
--------------------------------------------------------
--  DDL for Sequence SEQ_USUARIO_ID
--------------------------------------------------------

   CREATE SEQUENCE  "PROYECTOBD2"."SEQ_USUARIO_ID"  MINVALUE 1 MAXVALUE 9999999999999999999999999999 INCREMENT BY 1 START WITH 26 NOCACHE  NOORDER  NOCYCLE  NOKEEP  NOSCALE  GLOBAL ;
--------------------------------------------------------
--  DDL for Table BANCOS_DE_PREGUNTAS
--------------------------------------------------------

  CREATE TABLE "PROYECTOBD2"."BANCOS_DE_PREGUNTAS" 
   (	"ID_BANCO_PREGUNTAS" VARCHAR2(50 BYTE), 
	"TEMAS_ID_TEMA" VARCHAR2(20 BYTE), 
	"NOMBRE" VARCHAR2(255 BYTE), 
	"DOCENTES_ID_DOCENTE" VARCHAR2(20 BYTE)
   ) SEGMENT CREATION IMMEDIATE 
  PCTFREE 10 PCTUSED 40 INITRANS 1 MAXTRANS 255 
 NOCOMPRESS LOGGING
  STORAGE(INITIAL 65536 NEXT 1048576 MINEXTENTS 1 MAXEXTENTS 2147483645
  PCTINCREASE 0 FREELISTS 1 FREELIST GROUPS 1
  BUFFER_POOL DEFAULT FLASH_CACHE DEFAULT CELL_FLASH_CACHE DEFAULT)
  TABLESPACE "QUESTIONS_TBS" ;
--------------------------------------------------------
--  DDL for Table CONTENIDOS
--------------------------------------------------------

  CREATE TABLE "PROYECTOBD2"."CONTENIDOS" 
   (	"ID_CONTENIDO" VARCHAR2(20 BYTE), 
	"TITULO" VARCHAR2(255 BYTE), 
	"DESCRIPCION" VARCHAR2(255 BYTE), 
	"UNIDADES_ID_UNIDAD" VARCHAR2(20 BYTE)
   ) SEGMENT CREATION DEFERRED 
  PCTFREE 10 PCTUSED 40 INITRANS 1 MAXTRANS 255 
 NOCOMPRESS LOGGING
  TABLESPACE "USERS" ;
--------------------------------------------------------
--  DDL for Table CURSOS
--------------------------------------------------------

  CREATE TABLE "PROYECTOBD2"."CURSOS" 
   (	"ID_CURSO" VARCHAR2(20 BYTE), 
	"NOMBRE" VARCHAR2(255 BYTE)
   ) SEGMENT CREATION IMMEDIATE 
  PCTFREE 10 PCTUSED 40 INITRANS 1 MAXTRANS 255 
 NOCOMPRESS LOGGING
  STORAGE(INITIAL 65536 NEXT 1048576 MINEXTENTS 1 MAXEXTENTS 2147483645
  PCTINCREASE 0 FREELISTS 1 FREELIST GROUPS 1
  BUFFER_POOL DEFAULT FLASH_CACHE DEFAULT CELL_FLASH_CACHE DEFAULT)
  TABLESPACE "COURSES_TBS" ;
--------------------------------------------------------
--  DDL for Table DOCENTES
--------------------------------------------------------

  CREATE TABLE "PROYECTOBD2"."DOCENTES" 
   (	"ID_DOCENTE" VARCHAR2(20 BYTE), 
	"NOMBRES" VARCHAR2(255 BYTE), 
	"APELLIDOS" VARCHAR2(255 BYTE), 
	"TELEFONO" VARCHAR2(20 BYTE), 
	"USUARIOS_ID_USUARIO" VARCHAR2(20 BYTE)
   ) SEGMENT CREATION IMMEDIATE 
  PCTFREE 10 PCTUSED 40 INITRANS 1 MAXTRANS 255 
 NOCOMPRESS LOGGING
  STORAGE(INITIAL 65536 NEXT 1048576 MINEXTENTS 1 MAXEXTENTS 2147483645
  PCTINCREASE 0 FREELISTS 1 FREELIST GROUPS 1
  BUFFER_POOL DEFAULT FLASH_CACHE DEFAULT CELL_FLASH_CACHE DEFAULT)
  TABLESPACE "USERS" ;
--------------------------------------------------------
--  DDL for Table ESTUDIANTES
--------------------------------------------------------

  CREATE TABLE "PROYECTOBD2"."ESTUDIANTES" 
   (	"ID_ESTUDIANTE" VARCHAR2(20 BYTE), 
	"NOMBRES" VARCHAR2(255 BYTE), 
	"APELLIDOS" VARCHAR2(255 BYTE), 
	"TELEFONO" VARCHAR2(20 BYTE), 
	"USUARIOS_ID_USUARIO" VARCHAR2(20 BYTE)
   ) SEGMENT CREATION IMMEDIATE 
  PCTFREE 10 PCTUSED 40 INITRANS 1 MAXTRANS 255 
 NOCOMPRESS LOGGING
  STORAGE(INITIAL 65536 NEXT 1048576 MINEXTENTS 1 MAXEXTENTS 2147483645
  PCTINCREASE 0 FREELISTS 1 FREELIST GROUPS 1
  BUFFER_POOL DEFAULT FLASH_CACHE DEFAULT CELL_FLASH_CACHE DEFAULT)
  TABLESPACE "USERS" ;
--------------------------------------------------------
--  DDL for Table ESTUDIANTES_INSCRITOS
--------------------------------------------------------

  CREATE TABLE "PROYECTOBD2"."ESTUDIANTES_INSCRITOS" 
   (	"ESTUDIANTES_ID_ESTUDIANTE" VARCHAR2(20 BYTE), 
	"GRUPOS_ID_GRUPO" VARCHAR2(20 BYTE)
   ) SEGMENT CREATION IMMEDIATE 
  PCTFREE 10 PCTUSED 40 INITRANS 1 MAXTRANS 255 
 NOCOMPRESS LOGGING
  STORAGE(INITIAL 65536 NEXT 1048576 MINEXTENTS 1 MAXEXTENTS 2147483645
  PCTINCREASE 0 FREELISTS 1 FREELIST GROUPS 1
  BUFFER_POOL DEFAULT FLASH_CACHE DEFAULT CELL_FLASH_CACHE DEFAULT)
  TABLESPACE "USERS" ;
--------------------------------------------------------
--  DDL for Table EXAMENES
--------------------------------------------------------

  CREATE TABLE "PROYECTOBD2"."EXAMENES" 
   (	"ID_EXAMEN" VARCHAR2(50 BYTE), 
	"NOMBRE" VARCHAR2(255 BYTE), 
	"DESCRIPCION" VARCHAR2(255 BYTE), 
	"CATEGORIA" VARCHAR2(255 BYTE), 
	"DURACION" NUMBER(*,0), 
	"NUM_PREGUNTAS" NUMBER(*,0), 
	"NUM_PREGUNTAS_ALEATORIAS" NUMBER(*,0), 
	"UMBRAL_APROBACION" NUMBER(*,0), 
	"TEMAS_ID_TEMA" VARCHAR2(20 BYTE), 
	"DOCENTES_ID_DOCENTE" VARCHAR2(20 BYTE)
   ) SEGMENT CREATION IMMEDIATE 
  PCTFREE 10 PCTUSED 40 INITRANS 1 MAXTRANS 255 
 NOCOMPRESS LOGGING
  STORAGE(INITIAL 65536 NEXT 1048576 MINEXTENTS 1 MAXEXTENTS 2147483645
  PCTINCREASE 0 FREELISTS 1 FREELIST GROUPS 1
  BUFFER_POOL DEFAULT FLASH_CACHE DEFAULT CELL_FLASH_CACHE DEFAULT)
  TABLESPACE "USERS" ;
--------------------------------------------------------
--  DDL for Table EXAMENES_ASIGNADOS
--------------------------------------------------------

  CREATE TABLE "PROYECTOBD2"."EXAMENES_ASIGNADOS" 
   (	"EXAMENES_ID_EXAMEN" VARCHAR2(50 BYTE), 
	"GRUPOS_ID_GRUPO" VARCHAR2(20 BYTE), 
	"FECHA_INICIO" TIMESTAMP (6), 
	"FECHA_FIN" TIMESTAMP (6), 
	"PESO" NUMBER(*,0)
   ) SEGMENT CREATION IMMEDIATE 
  PCTFREE 10 PCTUSED 40 INITRANS 1 MAXTRANS 255 
 NOCOMPRESS LOGGING
  STORAGE(INITIAL 65536 NEXT 1048576 MINEXTENTS 1 MAXEXTENTS 2147483645
  PCTINCREASE 0 FREELISTS 1 FREELIST GROUPS 1
  BUFFER_POOL DEFAULT FLASH_CACHE DEFAULT CELL_FLASH_CACHE DEFAULT)
  TABLESPACE "USERS" ;
--------------------------------------------------------
--  DDL for Table EXAMENES_BANCOS
--------------------------------------------------------

  CREATE TABLE "PROYECTOBD2"."EXAMENES_BANCOS" 
   (	"EXAMENES_ID_EXAMEN" VARCHAR2(50 BYTE), 
	"BANCOS_DE_PREGUNTAS_ID_BANCO" VARCHAR2(50 BYTE)
   ) SEGMENT CREATION DEFERRED 
  PCTFREE 10 PCTUSED 40 INITRANS 1 MAXTRANS 255 
 NOCOMPRESS LOGGING
  TABLESPACE "USERS" ;
--------------------------------------------------------
--  DDL for Table EXAMENES_PREGUNTAS
--------------------------------------------------------

  CREATE TABLE "PROYECTOBD2"."EXAMENES_PREGUNTAS" 
   (	"EXAMENES_ID_EXAMEN" VARCHAR2(50 BYTE), 
	"PREGUNTAS_ID_PREGUNTA" VARCHAR2(50 BYTE), 
	"PORCENTAJE" NUMBER
   ) SEGMENT CREATION IMMEDIATE 
  PCTFREE 10 PCTUSED 40 INITRANS 1 MAXTRANS 255 
 NOCOMPRESS LOGGING
  STORAGE(INITIAL 65536 NEXT 1048576 MINEXTENTS 1 MAXEXTENTS 2147483645
  PCTINCREASE 0 FREELISTS 1 FREELIST GROUPS 1
  BUFFER_POOL DEFAULT FLASH_CACHE DEFAULT CELL_FLASH_CACHE DEFAULT)
  TABLESPACE "USERS" ;
--------------------------------------------------------
--  DDL for Table EXAMENES_PRESENTADOS
--------------------------------------------------------

  CREATE TABLE "PROYECTOBD2"."EXAMENES_PRESENTADOS" 
   (	"ID_EXAMEN_PRESENTADO" VARCHAR2(255 BYTE), 
	"FECHA_PRESENTACION" TIMESTAMP (6), 
	"CALIFICACION" NUMBER, 
	"TIEMPO_TOMADO" NUMBER(*,0), 
	"DIRECCION_IP" VARCHAR2(20 BYTE), 
	"EXAM_ASIGNADOS_EXAM_ID_EXAM" VARCHAR2(50 BYTE), 
	"ESTUDIANTES_ID_ESTUDIANTE" VARCHAR2(20 BYTE), 
	"EXAM_ASIGNADO_GRUP_ID_GRUP" VARCHAR2(20 BYTE)
   ) SEGMENT CREATION IMMEDIATE 
  PCTFREE 10 PCTUSED 40 INITRANS 1 MAXTRANS 255 
 NOCOMPRESS LOGGING
  STORAGE(INITIAL 65536 NEXT 1048576 MINEXTENTS 1 MAXEXTENTS 2147483645
  PCTINCREASE 0 FREELISTS 1 FREELIST GROUPS 1
  BUFFER_POOL DEFAULT FLASH_CACHE DEFAULT CELL_FLASH_CACHE DEFAULT)
  TABLESPACE "USERS" ;
--------------------------------------------------------
--  DDL for Table GRUPOS
--------------------------------------------------------

  CREATE TABLE "PROYECTOBD2"."GRUPOS" 
   (	"ID_GRUPO" VARCHAR2(20 BYTE), 
	"CURSOS_ID_CURSO" VARCHAR2(20 BYTE), 
	"DOCENTES_ID_DOCENTE" VARCHAR2(20 BYTE)
   ) SEGMENT CREATION IMMEDIATE 
  PCTFREE 10 PCTUSED 40 INITRANS 1 MAXTRANS 255 
 NOCOMPRESS LOGGING
  STORAGE(INITIAL 65536 NEXT 1048576 MINEXTENTS 1 MAXEXTENTS 2147483645
  PCTINCREASE 0 FREELISTS 1 FREELIST GROUPS 1
  BUFFER_POOL DEFAULT FLASH_CACHE DEFAULT CELL_FLASH_CACHE DEFAULT)
  TABLESPACE "COURSES_TBS" ;
--------------------------------------------------------
--  DDL for Table HORARIOS
--------------------------------------------------------

  CREATE TABLE "PROYECTOBD2"."HORARIOS" 
   (	"ID_HORARIO" VARCHAR2(20 BYTE), 
	"HORA_INICIO" DATE, 
	"HORA_FIN" DATE, 
	"DIA_SEMANA" TIMESTAMP (6), 
	"LUGAR" VARCHAR2(255 BYTE), 
	"GRUPOS_ID_GRUPO" VARCHAR2(20 BYTE)
   ) SEGMENT CREATION IMMEDIATE 
  PCTFREE 10 PCTUSED 40 INITRANS 1 MAXTRANS 255 
 NOCOMPRESS LOGGING
  STORAGE(INITIAL 65536 NEXT 1048576 MINEXTENTS 1 MAXEXTENTS 2147483645
  PCTINCREASE 0 FREELISTS 1 FREELIST GROUPS 1
  BUFFER_POOL DEFAULT FLASH_CACHE DEFAULT CELL_FLASH_CACHE DEFAULT)
  TABLESPACE "COURSES_TBS" ;
--------------------------------------------------------
--  DDL for Table OPCIONES_PREGUNTA
--------------------------------------------------------

  CREATE TABLE "PROYECTOBD2"."OPCIONES_PREGUNTA" 
   (	"ID_OPCION" VARCHAR2(255 BYTE), 
	"TEXTO_OPCION" VARCHAR2(255 BYTE), 
	"ES_CORRECTA" CHAR(1 BYTE), 
	"PREGUNTAS_ID_PREGUNTA" VARCHAR2(50 BYTE)
   ) SEGMENT CREATION IMMEDIATE 
  PCTFREE 10 PCTUSED 40 INITRANS 1 MAXTRANS 255 
 NOCOMPRESS LOGGING
  STORAGE(INITIAL 65536 NEXT 1048576 MINEXTENTS 1 MAXEXTENTS 2147483645
  PCTINCREASE 0 FREELISTS 1 FREELIST GROUPS 1
  BUFFER_POOL DEFAULT FLASH_CACHE DEFAULT CELL_FLASH_CACHE DEFAULT)
  TABLESPACE "QUESTIONS_TBS" ;
--------------------------------------------------------
--  DDL for Table PREGUNTAS
--------------------------------------------------------

  CREATE TABLE "PROYECTOBD2"."PREGUNTAS" 
   (	"ID_PREGUNTA" VARCHAR2(50 BYTE), 
	"TEXTO_PREGUNTA" VARCHAR2(255 BYTE), 
	"DURACION" NUMBER(*,0), 
	"PRIVADA" CHAR(1 BYTE), 
	"PREGUNTAS_ID_PREGUNTA" VARCHAR2(50 BYTE), 
	"TIPO_PREGUNTA_ID_TIPO" NUMBER(*,0)
   ) SEGMENT CREATION IMMEDIATE 
  PCTFREE 10 PCTUSED 40 INITRANS 1 MAXTRANS 255 
 NOCOMPRESS LOGGING
  STORAGE(INITIAL 65536 NEXT 1048576 MINEXTENTS 1 MAXEXTENTS 2147483645
  PCTINCREASE 0 FREELISTS 1 FREELIST GROUPS 1
  BUFFER_POOL DEFAULT FLASH_CACHE DEFAULT CELL_FLASH_CACHE DEFAULT)
  TABLESPACE "USERS" ;
--------------------------------------------------------
--  DDL for Table PREGUNTAS_BANCOS
--------------------------------------------------------

  CREATE TABLE "PROYECTOBD2"."PREGUNTAS_BANCOS" 
   (	"BANCOS_DE_PREGUNTAS_ID_BANCO" VARCHAR2(50 BYTE), 
	"PREGUNTAS_ID_PREGUNTA" VARCHAR2(50 BYTE)
   ) SEGMENT CREATION IMMEDIATE 
  PCTFREE 10 PCTUSED 40 INITRANS 1 MAXTRANS 255 
 NOCOMPRESS LOGGING
  STORAGE(INITIAL 65536 NEXT 1048576 MINEXTENTS 1 MAXEXTENTS 2147483645
  PCTINCREASE 0 FREELISTS 1 FREELIST GROUPS 1
  BUFFER_POOL DEFAULT FLASH_CACHE DEFAULT CELL_FLASH_CACHE DEFAULT)
  TABLESPACE "QUESTIONS_TBS" ;
--------------------------------------------------------
--  DDL for Table RESPUESTAS_ESTUDIANTES
--------------------------------------------------------

  CREATE TABLE "PROYECTOBD2"."RESPUESTAS_ESTUDIANTES" 
   (	"EXAM_PRESENTADOS_ID_EXAM_PRES" VARCHAR2(255 BYTE), 
	"PREGUNTAS_ID_PREGUNTA" VARCHAR2(50 BYTE), 
	"OPCIONES_PREGUNTA_ID_OPCION" VARCHAR2(255 BYTE)
   ) SEGMENT CREATION IMMEDIATE 
  PCTFREE 10 PCTUSED 40 INITRANS 1 MAXTRANS 255 
 NOCOMPRESS LOGGING
  STORAGE(INITIAL 65536 NEXT 1048576 MINEXTENTS 1 MAXEXTENTS 2147483645
  PCTINCREASE 0 FREELISTS 1 FREELIST GROUPS 1
  BUFFER_POOL DEFAULT FLASH_CACHE DEFAULT CELL_FLASH_CACHE DEFAULT)
  TABLESPACE "USERS" ;
--------------------------------------------------------
--  DDL for Table ROLES
--------------------------------------------------------

  CREATE TABLE "PROYECTOBD2"."ROLES" 
   (	"ID_ROLE" NUMBER(*,0), 
	"ROLE" VARCHAR2(50 BYTE)
   ) SEGMENT CREATION IMMEDIATE 
  PCTFREE 10 PCTUSED 40 INITRANS 1 MAXTRANS 255 
 NOCOMPRESS LOGGING
  STORAGE(INITIAL 65536 NEXT 1048576 MINEXTENTS 1 MAXEXTENTS 2147483645
  PCTINCREASE 0 FREELISTS 1 FREELIST GROUPS 1
  BUFFER_POOL DEFAULT FLASH_CACHE DEFAULT CELL_FLASH_CACHE DEFAULT)
  TABLESPACE "USERS" ;
--------------------------------------------------------
--  DDL for Table TEMAS
--------------------------------------------------------

  CREATE TABLE "PROYECTOBD2"."TEMAS" 
   (	"ID_TEMA" VARCHAR2(20 BYTE), 
	"NOMBRE" VARCHAR2(255 BYTE)
   ) SEGMENT CREATION IMMEDIATE 
  PCTFREE 10 PCTUSED 40 INITRANS 1 MAXTRANS 255 
 NOCOMPRESS LOGGING
  STORAGE(INITIAL 65536 NEXT 1048576 MINEXTENTS 1 MAXEXTENTS 2147483645
  PCTINCREASE 0 FREELISTS 1 FREELIST GROUPS 1
  BUFFER_POOL DEFAULT FLASH_CACHE DEFAULT CELL_FLASH_CACHE DEFAULT)
  TABLESPACE "USERS" ;
--------------------------------------------------------
--  DDL for Table TIPO_PREGUNTA
--------------------------------------------------------

  CREATE TABLE "PROYECTOBD2"."TIPO_PREGUNTA" 
   (	"ID_TIPO" NUMBER(*,0), 
	"TIPO_PREGUNTA" VARCHAR2(50 BYTE)
   ) SEGMENT CREATION IMMEDIATE 
  PCTFREE 10 PCTUSED 40 INITRANS 1 MAXTRANS 255 
 NOCOMPRESS LOGGING
  STORAGE(INITIAL 65536 NEXT 1048576 MINEXTENTS 1 MAXEXTENTS 2147483645
  PCTINCREASE 0 FREELISTS 1 FREELIST GROUPS 1
  BUFFER_POOL DEFAULT FLASH_CACHE DEFAULT CELL_FLASH_CACHE DEFAULT)
  TABLESPACE "USERS" ;
--------------------------------------------------------
--  DDL for Table UNIDADES
--------------------------------------------------------

  CREATE TABLE "PROYECTOBD2"."UNIDADES" 
   (	"ID_UNIDAD" VARCHAR2(20 BYTE), 
	"TITULO" VARCHAR2(255 BYTE), 
	"DESCRIPCION" VARCHAR2(255 BYTE), 
	"CURSOS_ID_CURSO" VARCHAR2(20 BYTE)
   ) SEGMENT CREATION DEFERRED 
  PCTFREE 10 PCTUSED 40 INITRANS 1 MAXTRANS 255 
 NOCOMPRESS LOGGING
  TABLESPACE "COURSES_TBS" ;
--------------------------------------------------------
--  DDL for Table USUARIOS
--------------------------------------------------------

  CREATE TABLE "PROYECTOBD2"."USUARIOS" 
   (	"ID_USUARIO" VARCHAR2(20 BYTE), 
	"CORREO" VARCHAR2(255 BYTE), 
	"CLAVE" VARCHAR2(255 BYTE), 
	"ROLES_ID_ROLE" NUMBER(*,0)
   ) SEGMENT CREATION IMMEDIATE 
  PCTFREE 10 PCTUSED 40 INITRANS 1 MAXTRANS 255 
 NOCOMPRESS LOGGING
  STORAGE(INITIAL 65536 NEXT 1048576 MINEXTENTS 1 MAXEXTENTS 2147483645
  PCTINCREASE 0 FREELISTS 1 FREELIST GROUPS 1
  BUFFER_POOL DEFAULT FLASH_CACHE DEFAULT CELL_FLASH_CACHE DEFAULT)
  TABLESPACE "USERS" ;
--------------------------------------------------------
--  DDL for View VW_BANCOS_PREGUNTAS_DOCENTE
--------------------------------------------------------

  CREATE OR REPLACE FORCE NONEDITIONABLE VIEW "PROYECTOBD2"."VW_BANCOS_PREGUNTAS_DOCENTE" ("ID_BANCO_PREGUNTAS", "NOMBRE", "DOCENTES_ID_DOCENTE") AS 
  SELECT 
    bp.id_banco_preguntas,
    bp.nombre,
    bp.Docentes_id_docente
FROM 
    Bancos_de_Preguntas bp
WHERE 
    bp.Docentes_id_docente IS NOT NULL
;
--------------------------------------------------------
--  DDL for View VW_DETALLE_PREGUNTA
--------------------------------------------------------

  CREATE OR REPLACE FORCE NONEDITIONABLE VIEW "PROYECTOBD2"."VW_DETALLE_PREGUNTA" ("IDPREGUNTA", "DESCRIPCION", "TIPOPREGUNTA", "ACCESO", "OPCION", "RESPUESTA") AS 
  SELECT 
    p.id_pregunta AS idPregunta,
    p.texto_pregunta AS Descripcion,
    tp.tipo_pregunta AS TipoPregunta,
    p.privada AS Acceso,
    op.id_opcion AS Opcion,
    op.texto_opcion AS Respuesta
FROM PREGUNTAS p
LEFT JOIN Opciones_Pregunta op ON p.id_pregunta = op.preguntas_id_pregunta
JOIN Tipo_Pregunta tp ON p.tipo_pregunta_id_tipo = tp.id_tipo
;
--------------------------------------------------------
--  DDL for View VW_DETALLES_EXAMEN
--------------------------------------------------------

  CREATE OR REPLACE FORCE NONEDITIONABLE VIEW "PROYECTOBD2"."VW_DETALLES_EXAMEN" ("IDEXAMEN", "NOMBRE", "DESCRIPCION", "TEMA", "NUMEROPREGUNTAS", "NUMEROPREGUNTASALEATORIAS", "DURACION", "UMBRALAPROBACION", "CATEGORIA") AS 
  SELECT 
    e.id_examen AS idExamen,
    e.nombre AS Nombre,
    e.descripcion AS Descripcion,
    t.nombre AS Tema,
    e.num_preguntas AS NumeroPreguntas,
    e.num_preguntas_aleatorias AS NumeroPreguntasAleatorias,
    e.duracion AS Duracion,
    e.umbral_aprobacion AS UmbralAprobacion,
    e.categoria AS Categoria
FROM EXAMENES e
JOIN TEMAS t ON e.temas_id_tema = t.id_tema
;
--------------------------------------------------------
--  DDL for View VW_ESTUDIANTES
--------------------------------------------------------

  CREATE OR REPLACE FORCE NONEDITIONABLE VIEW "PROYECTOBD2"."VW_ESTUDIANTES" ("ID_USUARIO", "ID_ESTUDIANTE", "NOMBRE_ESTUDIANTE", "APELLIDO_ESTUDIANTE", "CORREO", "TELEFONO") AS 
  SELECT
    us.id_usuario,
    es.id_estudiante,
    es.nombres AS nombre_estudiante,
    es.apellidos AS apellido_estudiante,
    us.correo,
    es.telefono
FROM
    Estudiantes es
JOIN
    Usuarios us ON es.Usuarios_id_usuario = us.id_usuario
;
--------------------------------------------------------
--  DDL for View VW_ESTUDIANTES_GRUPO
--------------------------------------------------------

  CREATE OR REPLACE FORCE NONEDITIONABLE VIEW "PROYECTOBD2"."VW_ESTUDIANTES_GRUPO" ("IDGRUPO", "IDCURSO", "IDDOCENTE", "IDALUMNO", "NOMBREALUMNO") AS 
  SELECT 
    g.id_grupo AS idGrupo,
    g.Cursos_id_curso AS idCurso,
    g.Docentes_id_docente AS idDocente,
    ei.Estudiantes_id_estudiante AS idAlumno,
    es.nombres AS nombreAlumno
FROM Estudiantes_Inscritos ei
JOIN Grupos g ON ei.Grupos_id_grupo = g.id_grupo
JOIN Estudiantes es ON ei.Estudiantes_id_estudiante = es.id_estudiante
JOIN Usuarios u ON es.Usuarios_id_usuario = u.id_usuario
;
--------------------------------------------------------
--  DDL for View VW_EXAMENES_CREADOS_DOCENTE
--------------------------------------------------------

  CREATE OR REPLACE FORCE NONEDITIONABLE VIEW "PROYECTOBD2"."VW_EXAMENES_CREADOS_DOCENTE" ("ID_EXAMEN", "NOMBRE", "DESCRIPCION", "CATEGORIA", "DURACION", "NUM_PREGUNTAS", "NUM_PREGUNTAS_ALEATORIAS", "UMBRAL_APROBACION", "DOCENTES_ID_DOCENTE") AS 
  SELECT 
    e.id_examen,
    e.nombre,
    e.descripcion,
    e.categoria,
    e.duracion,
    e.num_preguntas,
    e.num_preguntas_aleatorias,
    e.umbral_aprobacion,
    e.Docentes_id_docente
FROM 
    Examenes e
WHERE 
    e.Docentes_id_docente IS NOT NULL
;
--------------------------------------------------------
--  DDL for View VW_EXAMENES_PENDIENTES
--------------------------------------------------------

  CREATE OR REPLACE FORCE NONEDITIONABLE VIEW "PROYECTOBD2"."VW_EXAMENES_PENDIENTES" ("ID_EXAMEN", "NOMBRE", "DESCRIPCION", "ESTUDIANTES_ID_ESTUDIANTE") AS 
  SELECT 
    e.id_examen,
    e.nombre,
    e.descripcion,
    ei.Estudiantes_id_estudiante
FROM 
    Examenes e
JOIN 
    Examenes_Asignados ea ON e.id_examen = ea.Examenes_id_examen
JOIN 
    Estudiantes_Inscritos ei ON ea.Grupos_id_grupo = ei.Grupos_id_grupo
LEFT JOIN 
    Examenes_Presentados ep ON e.id_examen = ep.exam_asignados_exam_id_exam AND ei.Estudiantes_id_estudiante = ep.Estudiantes_id_estudiante
WHERE 
    ep.exam_asignados_exam_id_exam IS NULL
;
--------------------------------------------------------
--  DDL for View VW_INFO_RESPUESTA_ALUMNO
--------------------------------------------------------

  CREATE OR REPLACE FORCE NONEDITIONABLE VIEW "PROYECTOBD2"."VW_INFO_RESPUESTA_ALUMNO" ("IDEXAMEN", "IDPREGUNTA", "IDUSUARIO", "NOMBREEXAMEN", "PREGUNTA", "RESPUESTA", "TIPOPREGUNTA", "CLASIFICACION") AS 
  SELECT 
    ep.exam_asignados_exam_id_exam AS idExamen,
    re.Preguntas_id_pregunta AS idPregunta,
    es.id_estudiante AS idUsuario,
    e.nombre AS nombreExamen,
    p.texto_pregunta AS pregunta,
    op.texto_opcion AS respuesta,
    tp.tipo_pregunta AS TipoPregunta,
    CASE
        WHEN op.es_correcta = 'Y' THEN 'Correcta'
        ELSE 'Incorrecta'
    END AS clasificacion
FROM Respuestas_Estudiantes re
JOIN Examenes_Presentados ep ON re.exam_presentados_id_exam_pres = ep.id_examen_presentado
JOIN Estudiantes es ON ep.estudiantes_id_estudiante = es.id_estudiante
JOIN Preguntas p ON re.preguntas_id_pregunta = p.id_pregunta
LEFT JOIN Opciones_Pregunta op ON re.preguntas_id_pregunta = op.preguntas_id_pregunta
JOIN Examenes e ON ep.exam_asignados_exam_id_exam = e.id_examen
JOIN Tipo_Pregunta tp ON p.Tipo_Pregunta_id_tipo = tp.id_tipo
;
--------------------------------------------------------
--  DDL for View VW_NOTAS_ESTUDIANTE
--------------------------------------------------------

  CREATE OR REPLACE FORCE NONEDITIONABLE VIEW "PROYECTOBD2"."VW_NOTAS_ESTUDIANTE" ("ID_ESTUDIANTE", "NOMBRE_ESTUDIANTE", "APELLIDO_ESTUDIANTE", "ID_EXAMEN", "NOMBRE_EXAMEN", "FECHA_PRESENTACION", "CALIFICACION", "TIEMPO", "DIRECCION_IP") AS 
  SELECT
    es.id_estudiante,
    es.nombres AS nombre_estudiante,
    es.apellidos AS apellido_estudiante,
    e.id_examen,
    e.nombre AS nombre_examen,
    ep.fecha_presentacion,
    ep.calificacion,
    ep.tiempo_tomado AS Tiempo,
    ep.direccion_ip
FROM
    Estudiantes es
JOIN
    Examenes_Presentados ep ON es.id_estudiante = ep.Estudiantes_id_estudiante
JOIN
    Examenes e ON ep.exam_asignados_exam_id_exam = e.id_examen
;
--------------------------------------------------------
--  DDL for View VW_PREGUNTAS_PUBLICAS
--------------------------------------------------------

  CREATE OR REPLACE FORCE NONEDITIONABLE VIEW "PROYECTOBD2"."VW_PREGUNTAS_PUBLICAS" ("ID_PREGUNTA", "TEXTO_PREGUNTA", "BANCO_PREGUNTAS", "TEMA", "TIPO_PREGUNTA") AS 
  SELECT
    p.id_pregunta,
    p.texto_pregunta,
    bp.nombre AS banco_preguntas,
    t.nombre AS tema,
    tp.tipo_pregunta
FROM
    Preguntas p
JOIN
    Preguntas_Bancos pb ON p.id_pregunta = pb.Preguntas_id_pregunta
JOIN
    Bancos_de_Preguntas bp ON pb.Bancos_de_Preguntas_id_banco = bp.id_banco_preguntas
JOIN
    Temas t ON bp.Temas_id_tema = t.id_tema
JOIN
    Tipo_Pregunta tp ON p.Tipo_Pregunta_id_tipo = tp.id_tipo
WHERE
    p.privada = 'N'
;
--------------------------------------------------------
--  DDL for View VW_PROFESORES
--------------------------------------------------------

  CREATE OR REPLACE FORCE NONEDITIONABLE VIEW "PROYECTOBD2"."VW_PROFESORES" ("ID_USUARIO", "ID_DOCENTE", "NOMBRE_DOCENTE", "APELLIDO_DOCENTE", "CORREO", "TELEFONO") AS 
  SELECT
    us.id_usuario,
    d.id_docente,
    d.nombres AS nombre_docente,
    d.apellidos AS apellido_docente,
    us.correo,
    d.telefono
FROM
    Docentes d
JOIN
    Usuarios us ON d.Usuarios_id_usuario = us.id_usuario
;
--------------------------------------------------------
--  DDL for View VW_PROMEDIO_NOTA_GRUPO_CURSO
--------------------------------------------------------

  CREATE OR REPLACE FORCE NONEDITIONABLE VIEW "PROYECTOBD2"."VW_PROMEDIO_NOTA_GRUPO_CURSO" ("IDGRUPO", "IDCURSO", "PROMEDIO_NOTA") AS 
  SELECT 
    g.id_grupo AS idGrupo,
    g.Cursos_id_curso AS idCurso,
    AVG(ep.calificacion) AS promedio_nota
FROM 
    Grupos g
JOIN 
    Estudiantes_Inscritos ei ON g.id_grupo = ei.Grupos_id_grupo
JOIN 
    Examenes_Presentados ep ON ei.Estudiantes_id_estudiante = ep.Estudiantes_id_estudiante
GROUP BY 
    g.id_grupo, g.Cursos_id_curso
;
REM INSERTING into PROYECTOBD2.BANCOS_DE_PREGUNTAS
SET DEFINE OFF;
Insert into PROYECTOBD2.BANCOS_DE_PREGUNTAS (ID_BANCO_PREGUNTAS,TEMAS_ID_TEMA,NOMBRE,DOCENTES_ID_DOCENTE) values ('1','1','Banco Álgebra Básico','1');
Insert into PROYECTOBD2.BANCOS_DE_PREGUNTAS (ID_BANCO_PREGUNTAS,TEMAS_ID_TEMA,NOMBRE,DOCENTES_ID_DOCENTE) values ('2','2','Banco Cálculo Avanzado','1');
Insert into PROYECTOBD2.BANCOS_DE_PREGUNTAS (ID_BANCO_PREGUNTAS,TEMAS_ID_TEMA,NOMBRE,DOCENTES_ID_DOCENTE) values ('3','3','Banco Mecánica','2');
Insert into PROYECTOBD2.BANCOS_DE_PREGUNTAS (ID_BANCO_PREGUNTAS,TEMAS_ID_TEMA,NOMBRE,DOCENTES_ID_DOCENTE) values ('4','4','Banco Electromagnetismo','2');
Insert into PROYECTOBD2.BANCOS_DE_PREGUNTAS (ID_BANCO_PREGUNTAS,TEMAS_ID_TEMA,NOMBRE,DOCENTES_ID_DOCENTE) values ('5','5','Banco Programación I','1');
commit;
REM INSERTING into PROYECTOBD2.CONTENIDOS
SET DEFINE OFF;
REM INSERTING into PROYECTOBD2.CURSOS
SET DEFINE OFF;
Insert into PROYECTOBD2.CURSOS (ID_CURSO,NOMBRE) values ('4','Historia Universal');
Insert into PROYECTOBD2.CURSOS (ID_CURSO,NOMBRE) values ('5','Literatura Contemporánea');
Insert into PROYECTOBD2.CURSOS (ID_CURSO,NOMBRE) values ('6','Biología Molecular');
Insert into PROYECTOBD2.CURSOS (ID_CURSO,NOMBRE) values ('7','Química Orgánica');
Insert into PROYECTOBD2.CURSOS (ID_CURSO,NOMBRE) values ('8','Filosofía Moderna');
Insert into PROYECTOBD2.CURSOS (ID_CURSO,NOMBRE) values ('9','Programación II');
Insert into PROYECTOBD2.CURSOS (ID_CURSO,NOMBRE) values ('10','Estadística Aplicada');
Insert into PROYECTOBD2.CURSOS (ID_CURSO,NOMBRE) values ('11','Cálculo Avanzado');
Insert into PROYECTOBD2.CURSOS (ID_CURSO,NOMBRE) values ('12','Ingeniería de Software');
Insert into PROYECTOBD2.CURSOS (ID_CURSO,NOMBRE) values ('13','Electrónica Básica');
Insert into PROYECTOBD2.CURSOS (ID_CURSO,NOMBRE) values ('14','Arte del Siglo XX');
Insert into PROYECTOBD2.CURSOS (ID_CURSO,NOMBRE) values ('15','Psicología General');
Insert into PROYECTOBD2.CURSOS (ID_CURSO,NOMBRE) values ('1','Matemáticas Básicas');
Insert into PROYECTOBD2.CURSOS (ID_CURSO,NOMBRE) values ('2','Física Avanzada');
Insert into PROYECTOBD2.CURSOS (ID_CURSO,NOMBRE) values ('3','Programación I');
commit;
REM INSERTING into PROYECTOBD2.DOCENTES
SET DEFINE OFF;
Insert into PROYECTOBD2.DOCENTES (ID_DOCENTE,NOMBRES,APELLIDOS,TELEFONO,USUARIOS_ID_USUARIO) values ('3','Elena','Gutiérrez','958123456','7');
Insert into PROYECTOBD2.DOCENTES (ID_DOCENTE,NOMBRES,APELLIDOS,TELEFONO,USUARIOS_ID_USUARIO) values ('4','Mario','Fernández','958123457','8');
Insert into PROYECTOBD2.DOCENTES (ID_DOCENTE,NOMBRES,APELLIDOS,TELEFONO,USUARIOS_ID_USUARIO) values ('5','Laura','Martínez','958123458','9');
Insert into PROYECTOBD2.DOCENTES (ID_DOCENTE,NOMBRES,APELLIDOS,TELEFONO,USUARIOS_ID_USUARIO) values ('6','Juan','Sánchez','958123459','10');
Insert into PROYECTOBD2.DOCENTES (ID_DOCENTE,NOMBRES,APELLIDOS,TELEFONO,USUARIOS_ID_USUARIO) values ('7','Ana','Ramirez','958123460','11');
Insert into PROYECTOBD2.DOCENTES (ID_DOCENTE,NOMBRES,APELLIDOS,TELEFONO,USUARIOS_ID_USUARIO) values ('8','Pablo','García','958123461','12');
Insert into PROYECTOBD2.DOCENTES (ID_DOCENTE,NOMBRES,APELLIDOS,TELEFONO,USUARIOS_ID_USUARIO) values ('9','Carmen','Lopez','958123462','13');
Insert into PROYECTOBD2.DOCENTES (ID_DOCENTE,NOMBRES,APELLIDOS,TELEFONO,USUARIOS_ID_USUARIO) values ('10','Francisco','González','958123463','14');
Insert into PROYECTOBD2.DOCENTES (ID_DOCENTE,NOMBRES,APELLIDOS,TELEFONO,USUARIOS_ID_USUARIO) values ('1','Carlos','Valencia','123456789','2');
Insert into PROYECTOBD2.DOCENTES (ID_DOCENTE,NOMBRES,APELLIDOS,TELEFONO,USUARIOS_ID_USUARIO) values ('2','Marlon','Espinosa','987654321','3');
commit;
REM INSERTING into PROYECTOBD2.ESTUDIANTES
SET DEFINE OFF;
Insert into PROYECTOBD2.ESTUDIANTES (ID_ESTUDIANTE,NOMBRES,APELLIDOS,TELEFONO,USUARIOS_ID_USUARIO) values ('4','Roberto','Alvarez','958123464','15');
Insert into PROYECTOBD2.ESTUDIANTES (ID_ESTUDIANTE,NOMBRES,APELLIDOS,TELEFONO,USUARIOS_ID_USUARIO) values ('5','Patricia','Molina','958123465','16');
Insert into PROYECTOBD2.ESTUDIANTES (ID_ESTUDIANTE,NOMBRES,APELLIDOS,TELEFONO,USUARIOS_ID_USUARIO) values ('6','Lorena','Ruiz','958123466','17');
Insert into PROYECTOBD2.ESTUDIANTES (ID_ESTUDIANTE,NOMBRES,APELLIDOS,TELEFONO,USUARIOS_ID_USUARIO) values ('7','Carlos','Moreno','958123467','18');
Insert into PROYECTOBD2.ESTUDIANTES (ID_ESTUDIANTE,NOMBRES,APELLIDOS,TELEFONO,USUARIOS_ID_USUARIO) values ('8','Mónica','Jiménez','958123468','19');
Insert into PROYECTOBD2.ESTUDIANTES (ID_ESTUDIANTE,NOMBRES,APELLIDOS,TELEFONO,USUARIOS_ID_USUARIO) values ('9','Óscar','Díaz','958123469','20');
Insert into PROYECTOBD2.ESTUDIANTES (ID_ESTUDIANTE,NOMBRES,APELLIDOS,TELEFONO,USUARIOS_ID_USUARIO) values ('10','Teresa','Vidal','958123470','21');
Insert into PROYECTOBD2.ESTUDIANTES (ID_ESTUDIANTE,NOMBRES,APELLIDOS,TELEFONO,USUARIOS_ID_USUARIO) values ('11','Nicolás','Castro','958123471','22');
Insert into PROYECTOBD2.ESTUDIANTES (ID_ESTUDIANTE,NOMBRES,APELLIDOS,TELEFONO,USUARIOS_ID_USUARIO) values ('12','Beatriz','Navarro','958123472','23');
Insert into PROYECTOBD2.ESTUDIANTES (ID_ESTUDIANTE,NOMBRES,APELLIDOS,TELEFONO,USUARIOS_ID_USUARIO) values ('13','Sergio','Gil','958123473','24');
Insert into PROYECTOBD2.ESTUDIANTES (ID_ESTUDIANTE,NOMBRES,APELLIDOS,TELEFONO,USUARIOS_ID_USUARIO) values ('14','Irene','Delgado','958123474','25');
Insert into PROYECTOBD2.ESTUDIANTES (ID_ESTUDIANTE,NOMBRES,APELLIDOS,TELEFONO,USUARIOS_ID_USUARIO) values ('1','Ana','Gómez','123123123','4');
Insert into PROYECTOBD2.ESTUDIANTES (ID_ESTUDIANTE,NOMBRES,APELLIDOS,TELEFONO,USUARIOS_ID_USUARIO) values ('2','Luis','Rodríguez','456456456','5');
Insert into PROYECTOBD2.ESTUDIANTES (ID_ESTUDIANTE,NOMBRES,APELLIDOS,TELEFONO,USUARIOS_ID_USUARIO) values ('3','Pedro','Martínez','789789789','6');
commit;
REM INSERTING into PROYECTOBD2.ESTUDIANTES_INSCRITOS
SET DEFINE OFF;
Insert into PROYECTOBD2.ESTUDIANTES_INSCRITOS (ESTUDIANTES_ID_ESTUDIANTE,GRUPOS_ID_GRUPO) values ('1','1');
Insert into PROYECTOBD2.ESTUDIANTES_INSCRITOS (ESTUDIANTES_ID_ESTUDIANTE,GRUPOS_ID_GRUPO) values ('1','2');
Insert into PROYECTOBD2.ESTUDIANTES_INSCRITOS (ESTUDIANTES_ID_ESTUDIANTE,GRUPOS_ID_GRUPO) values ('1','3');
Insert into PROYECTOBD2.ESTUDIANTES_INSCRITOS (ESTUDIANTES_ID_ESTUDIANTE,GRUPOS_ID_GRUPO) values ('1','4');
Insert into PROYECTOBD2.ESTUDIANTES_INSCRITOS (ESTUDIANTES_ID_ESTUDIANTE,GRUPOS_ID_GRUPO) values ('10','10');
Insert into PROYECTOBD2.ESTUDIANTES_INSCRITOS (ESTUDIANTES_ID_ESTUDIANTE,GRUPOS_ID_GRUPO) values ('10','13');
Insert into PROYECTOBD2.ESTUDIANTES_INSCRITOS (ESTUDIANTES_ID_ESTUDIANTE,GRUPOS_ID_GRUPO) values ('10','22');
Insert into PROYECTOBD2.ESTUDIANTES_INSCRITOS (ESTUDIANTES_ID_ESTUDIANTE,GRUPOS_ID_GRUPO) values ('11','11');
Insert into PROYECTOBD2.ESTUDIANTES_INSCRITOS (ESTUDIANTES_ID_ESTUDIANTE,GRUPOS_ID_GRUPO) values ('11','14');
Insert into PROYECTOBD2.ESTUDIANTES_INSCRITOS (ESTUDIANTES_ID_ESTUDIANTE,GRUPOS_ID_GRUPO) values ('11','23');
Insert into PROYECTOBD2.ESTUDIANTES_INSCRITOS (ESTUDIANTES_ID_ESTUDIANTE,GRUPOS_ID_GRUPO) values ('12','12');
Insert into PROYECTOBD2.ESTUDIANTES_INSCRITOS (ESTUDIANTES_ID_ESTUDIANTE,GRUPOS_ID_GRUPO) values ('12','24');
Insert into PROYECTOBD2.ESTUDIANTES_INSCRITOS (ESTUDIANTES_ID_ESTUDIANTE,GRUPOS_ID_GRUPO) values ('13','13');
Insert into PROYECTOBD2.ESTUDIANTES_INSCRITOS (ESTUDIANTES_ID_ESTUDIANTE,GRUPOS_ID_GRUPO) values ('13','25');
Insert into PROYECTOBD2.ESTUDIANTES_INSCRITOS (ESTUDIANTES_ID_ESTUDIANTE,GRUPOS_ID_GRUPO) values ('14','1');
Insert into PROYECTOBD2.ESTUDIANTES_INSCRITOS (ESTUDIANTES_ID_ESTUDIANTE,GRUPOS_ID_GRUPO) values ('14','14');
Insert into PROYECTOBD2.ESTUDIANTES_INSCRITOS (ESTUDIANTES_ID_ESTUDIANTE,GRUPOS_ID_GRUPO) values ('14','15');
Insert into PROYECTOBD2.ESTUDIANTES_INSCRITOS (ESTUDIANTES_ID_ESTUDIANTE,GRUPOS_ID_GRUPO) values ('2','1');
Insert into PROYECTOBD2.ESTUDIANTES_INSCRITOS (ESTUDIANTES_ID_ESTUDIANTE,GRUPOS_ID_GRUPO) values ('2','3');
Insert into PROYECTOBD2.ESTUDIANTES_INSCRITOS (ESTUDIANTES_ID_ESTUDIANTE,GRUPOS_ID_GRUPO) values ('2','5');
Insert into PROYECTOBD2.ESTUDIANTES_INSCRITOS (ESTUDIANTES_ID_ESTUDIANTE,GRUPOS_ID_GRUPO) values ('3','2');
Insert into PROYECTOBD2.ESTUDIANTES_INSCRITOS (ESTUDIANTES_ID_ESTUDIANTE,GRUPOS_ID_GRUPO) values ('3','6');
Insert into PROYECTOBD2.ESTUDIANTES_INSCRITOS (ESTUDIANTES_ID_ESTUDIANTE,GRUPOS_ID_GRUPO) values ('4','16');
Insert into PROYECTOBD2.ESTUDIANTES_INSCRITOS (ESTUDIANTES_ID_ESTUDIANTE,GRUPOS_ID_GRUPO) values ('4','4');
Insert into PROYECTOBD2.ESTUDIANTES_INSCRITOS (ESTUDIANTES_ID_ESTUDIANTE,GRUPOS_ID_GRUPO) values ('4','7');
Insert into PROYECTOBD2.ESTUDIANTES_INSCRITOS (ESTUDIANTES_ID_ESTUDIANTE,GRUPOS_ID_GRUPO) values ('5','17');
Insert into PROYECTOBD2.ESTUDIANTES_INSCRITOS (ESTUDIANTES_ID_ESTUDIANTE,GRUPOS_ID_GRUPO) values ('5','5');
Insert into PROYECTOBD2.ESTUDIANTES_INSCRITOS (ESTUDIANTES_ID_ESTUDIANTE,GRUPOS_ID_GRUPO) values ('5','8');
Insert into PROYECTOBD2.ESTUDIANTES_INSCRITOS (ESTUDIANTES_ID_ESTUDIANTE,GRUPOS_ID_GRUPO) values ('6','18');
Insert into PROYECTOBD2.ESTUDIANTES_INSCRITOS (ESTUDIANTES_ID_ESTUDIANTE,GRUPOS_ID_GRUPO) values ('6','6');
Insert into PROYECTOBD2.ESTUDIANTES_INSCRITOS (ESTUDIANTES_ID_ESTUDIANTE,GRUPOS_ID_GRUPO) values ('6','9');
Insert into PROYECTOBD2.ESTUDIANTES_INSCRITOS (ESTUDIANTES_ID_ESTUDIANTE,GRUPOS_ID_GRUPO) values ('7','10');
Insert into PROYECTOBD2.ESTUDIANTES_INSCRITOS (ESTUDIANTES_ID_ESTUDIANTE,GRUPOS_ID_GRUPO) values ('7','19');
Insert into PROYECTOBD2.ESTUDIANTES_INSCRITOS (ESTUDIANTES_ID_ESTUDIANTE,GRUPOS_ID_GRUPO) values ('7','7');
Insert into PROYECTOBD2.ESTUDIANTES_INSCRITOS (ESTUDIANTES_ID_ESTUDIANTE,GRUPOS_ID_GRUPO) values ('8','11');
Insert into PROYECTOBD2.ESTUDIANTES_INSCRITOS (ESTUDIANTES_ID_ESTUDIANTE,GRUPOS_ID_GRUPO) values ('8','20');
Insert into PROYECTOBD2.ESTUDIANTES_INSCRITOS (ESTUDIANTES_ID_ESTUDIANTE,GRUPOS_ID_GRUPO) values ('8','8');
Insert into PROYECTOBD2.ESTUDIANTES_INSCRITOS (ESTUDIANTES_ID_ESTUDIANTE,GRUPOS_ID_GRUPO) values ('9','12');
Insert into PROYECTOBD2.ESTUDIANTES_INSCRITOS (ESTUDIANTES_ID_ESTUDIANTE,GRUPOS_ID_GRUPO) values ('9','21');
Insert into PROYECTOBD2.ESTUDIANTES_INSCRITOS (ESTUDIANTES_ID_ESTUDIANTE,GRUPOS_ID_GRUPO) values ('9','9');
commit;
REM INSERTING into PROYECTOBD2.EXAMENES
SET DEFINE OFF;
Insert into PROYECTOBD2.EXAMENES (ID_EXAMEN,NOMBRE,DESCRIPCION,CATEGORIA,DURACION,NUM_PREGUNTAS,NUM_PREGUNTAS_ALEATORIAS,UMBRAL_APROBACION,TEMAS_ID_TEMA,DOCENTES_ID_DOCENTE) values ('1','Examen Álgebra','Examen de álgebra básico','Matemáticas','60','5','3','60','1','1');
Insert into PROYECTOBD2.EXAMENES (ID_EXAMEN,NOMBRE,DESCRIPCION,CATEGORIA,DURACION,NUM_PREGUNTAS,NUM_PREGUNTAS_ALEATORIAS,UMBRAL_APROBACION,TEMAS_ID_TEMA,DOCENTES_ID_DOCENTE) values ('2','Examen Cálculo','Examen de cálculo avanzado','Matemáticas','90','5','3','70','2','1');
Insert into PROYECTOBD2.EXAMENES (ID_EXAMEN,NOMBRE,DESCRIPCION,CATEGORIA,DURACION,NUM_PREGUNTAS,NUM_PREGUNTAS_ALEATORIAS,UMBRAL_APROBACION,TEMAS_ID_TEMA,DOCENTES_ID_DOCENTE) values ('3','Examen Mecánica','Examen de mecánica básico','Física','120','5','4','65','3','2');
Insert into PROYECTOBD2.EXAMENES (ID_EXAMEN,NOMBRE,DESCRIPCION,CATEGORIA,DURACION,NUM_PREGUNTAS,NUM_PREGUNTAS_ALEATORIAS,UMBRAL_APROBACION,TEMAS_ID_TEMA,DOCENTES_ID_DOCENTE) values ('4','Examen Biología','Examen detallado de Biología','Ciencias Naturales','45','5','3','65','6','1');
Insert into PROYECTOBD2.EXAMENES (ID_EXAMEN,NOMBRE,DESCRIPCION,CATEGORIA,DURACION,NUM_PREGUNTAS,NUM_PREGUNTAS_ALEATORIAS,UMBRAL_APROBACION,TEMAS_ID_TEMA,DOCENTES_ID_DOCENTE) values ('5','Examen Química General','Examen detallado de Química General','Ciencias Naturales','60','5','3','60','7','2');
Insert into PROYECTOBD2.EXAMENES (ID_EXAMEN,NOMBRE,DESCRIPCION,CATEGORIA,DURACION,NUM_PREGUNTAS,NUM_PREGUNTAS_ALEATORIAS,UMBRAL_APROBACION,TEMAS_ID_TEMA,DOCENTES_ID_DOCENTE) values ('6','Examen Historia Mundial','Examen detallado de Historia Mundial','Humanidades','90','5','3','70','8','1');
Insert into PROYECTOBD2.EXAMENES (ID_EXAMEN,NOMBRE,DESCRIPCION,CATEGORIA,DURACION,NUM_PREGUNTAS,NUM_PREGUNTAS_ALEATORIAS,UMBRAL_APROBACION,TEMAS_ID_TEMA,DOCENTES_ID_DOCENTE) values ('7','Examen Literatura','Examen detallado de Literatura','Humanidades','75','5','3','65','9','2');
Insert into PROYECTOBD2.EXAMENES (ID_EXAMEN,NOMBRE,DESCRIPCION,CATEGORIA,DURACION,NUM_PREGUNTAS,NUM_PREGUNTAS_ALEATORIAS,UMBRAL_APROBACION,TEMAS_ID_TEMA,DOCENTES_ID_DOCENTE) values ('8','Examen Estadística','Examen detallado de Estadística','Matemáticas','60','5','3','60','10','1');
Insert into PROYECTOBD2.EXAMENES (ID_EXAMEN,NOMBRE,DESCRIPCION,CATEGORIA,DURACION,NUM_PREGUNTAS,NUM_PREGUNTAS_ALEATORIAS,UMBRAL_APROBACION,TEMAS_ID_TEMA,DOCENTES_ID_DOCENTE) values ('9','Examen Filosofía','Examen detallado de Filosofía','Humanidades','45','5','3','70','11','2');
Insert into PROYECTOBD2.EXAMENES (ID_EXAMEN,NOMBRE,DESCRIPCION,CATEGORIA,DURACION,NUM_PREGUNTAS,NUM_PREGUNTAS_ALEATORIAS,UMBRAL_APROBACION,TEMAS_ID_TEMA,DOCENTES_ID_DOCENTE) values ('10','Examen Arte Moderno','Examen detallado de Arte Moderno','Arte','60','5','3','60','12','1');
Insert into PROYECTOBD2.EXAMENES (ID_EXAMEN,NOMBRE,DESCRIPCION,CATEGORIA,DURACION,NUM_PREGUNTAS,NUM_PREGUNTAS_ALEATORIAS,UMBRAL_APROBACION,TEMAS_ID_TEMA,DOCENTES_ID_DOCENTE) values ('11','Examen Física Cuántica','Examen detallado de Física Cuántica','Ciencias','120','5','3','65','13','2');
Insert into PROYECTOBD2.EXAMENES (ID_EXAMEN,NOMBRE,DESCRIPCION,CATEGORIA,DURACION,NUM_PREGUNTAS,NUM_PREGUNTAS_ALEATORIAS,UMBRAL_APROBACION,TEMAS_ID_TEMA,DOCENTES_ID_DOCENTE) values ('12','Examen Ciencias de la Computación','Examen detallado de Ciencias de la Computación','Tecnología','90','5','3','70','14','1');
Insert into PROYECTOBD2.EXAMENES (ID_EXAMEN,NOMBRE,DESCRIPCION,CATEGORIA,DURACION,NUM_PREGUNTAS,NUM_PREGUNTAS_ALEATORIAS,UMBRAL_APROBACION,TEMAS_ID_TEMA,DOCENTES_ID_DOCENTE) values ('13','Examen Economía','Examen detallado de Economía','Ciencias Sociales','60','5','3','60','15','2');
Insert into PROYECTOBD2.EXAMENES (ID_EXAMEN,NOMBRE,DESCRIPCION,CATEGORIA,DURACION,NUM_PREGUNTAS,NUM_PREGUNTAS_ALEATORIAS,UMBRAL_APROBACION,TEMAS_ID_TEMA,DOCENTES_ID_DOCENTE) values ('14','Examen Inteligencia Artificial','Examen detallado de Inteligencia Artificial','Tecnología','75','5','3','65','16','1');
Insert into PROYECTOBD2.EXAMENES (ID_EXAMEN,NOMBRE,DESCRIPCION,CATEGORIA,DURACION,NUM_PREGUNTAS,NUM_PREGUNTAS_ALEATORIAS,UMBRAL_APROBACION,TEMAS_ID_TEMA,DOCENTES_ID_DOCENTE) values ('15','Examen Sociología','Examen detallado de Sociología','Ciencias Sociales','90','5','3','70','17','2');
Insert into PROYECTOBD2.EXAMENES (ID_EXAMEN,NOMBRE,DESCRIPCION,CATEGORIA,DURACION,NUM_PREGUNTAS,NUM_PREGUNTAS_ALEATORIAS,UMBRAL_APROBACION,TEMAS_ID_TEMA,DOCENTES_ID_DOCENTE) values ('16','Examen Psicología','Examen detallado de Psicología','Ciencias Sociales','45','5','3','65','18','1');
Insert into PROYECTOBD2.EXAMENES (ID_EXAMEN,NOMBRE,DESCRIPCION,CATEGORIA,DURACION,NUM_PREGUNTAS,NUM_PREGUNTAS_ALEATORIAS,UMBRAL_APROBACION,TEMAS_ID_TEMA,DOCENTES_ID_DOCENTE) values ('17','Examen Microbiología','Examen detallado de Microbiología','Ciencias Naturales','60','5','3','60','6','2');
Insert into PROYECTOBD2.EXAMENES (ID_EXAMEN,NOMBRE,DESCRIPCION,CATEGORIA,DURACION,NUM_PREGUNTAS,NUM_PREGUNTAS_ALEATORIAS,UMBRAL_APROBACION,TEMAS_ID_TEMA,DOCENTES_ID_DOCENTE) values ('18','Examen Bioquímica','Examen detallado de Bioquímica','Ciencias Naturales','90','5','3','70','7','1');
Insert into PROYECTOBD2.EXAMENES (ID_EXAMEN,NOMBRE,DESCRIPCION,CATEGORIA,DURACION,NUM_PREGUNTAS,NUM_PREGUNTAS_ALEATORIAS,UMBRAL_APROBACION,TEMAS_ID_TEMA,DOCENTES_ID_DOCENTE) values ('19','Examen Antropología','Examen detallado de Antropología','Humanidades','75','5','3','65','8','2');
Insert into PROYECTOBD2.EXAMENES (ID_EXAMEN,NOMBRE,DESCRIPCION,CATEGORIA,DURACION,NUM_PREGUNTAS,NUM_PREGUNTAS_ALEATORIAS,UMBRAL_APROBACION,TEMAS_ID_TEMA,DOCENTES_ID_DOCENTE) values ('20','Examen Astronomía','Examen detallado de Astronomía','Ciencias','60','5','3','60','10','1');
Insert into PROYECTOBD2.EXAMENES (ID_EXAMEN,NOMBRE,DESCRIPCION,CATEGORIA,DURACION,NUM_PREGUNTAS,NUM_PREGUNTAS_ALEATORIAS,UMBRAL_APROBACION,TEMAS_ID_TEMA,DOCENTES_ID_DOCENTE) values ('21','Examen Genética','Examen detallado de Genética','Ciencias Naturales','45','5','3','70','6','2');
Insert into PROYECTOBD2.EXAMENES (ID_EXAMEN,NOMBRE,DESCRIPCION,CATEGORIA,DURACION,NUM_PREGUNTAS,NUM_PREGUNTAS_ALEATORIAS,UMBRAL_APROBACION,TEMAS_ID_TEMA,DOCENTES_ID_DOCENTE) values ('22','Examen Geología','Examen detallado de Geología','Ciencias Naturales','60','5','3','65','8','1');
Insert into PROYECTOBD2.EXAMENES (ID_EXAMEN,NOMBRE,DESCRIPCION,CATEGORIA,DURACION,NUM_PREGUNTAS,NUM_PREGUNTAS_ALEATORIAS,UMBRAL_APROBACION,TEMAS_ID_TEMA,DOCENTES_ID_DOCENTE) values ('23','Examen Ecología','Examen detallado de Ecología','Ciencias Naturales','90','5','3','60','6','2');
Insert into PROYECTOBD2.EXAMENES (ID_EXAMEN,NOMBRE,DESCRIPCION,CATEGORIA,DURACION,NUM_PREGUNTAS,NUM_PREGUNTAS_ALEATORIAS,UMBRAL_APROBACION,TEMAS_ID_TEMA,DOCENTES_ID_DOCENTE) values ('24','Examen Derecho Internacional','Examen detallado de Derecho Internacional','Ciencias Sociales','75','5','3','70','17','1');
Insert into PROYECTOBD2.EXAMENES (ID_EXAMEN,NOMBRE,DESCRIPCION,CATEGORIA,DURACION,NUM_PREGUNTAS,NUM_PREGUNTAS_ALEATORIAS,UMBRAL_APROBACION,TEMAS_ID_TEMA,DOCENTES_ID_DOCENTE) values ('25','Examen Neuropsicología','Examen detallado de Neuropsicología','Ciencias Sociales','120','5','3','65','18','2');
Insert into PROYECTOBD2.EXAMENES (ID_EXAMEN,NOMBRE,DESCRIPCION,CATEGORIA,DURACION,NUM_PREGUNTAS,NUM_PREGUNTAS_ALEATORIAS,UMBRAL_APROBACION,TEMAS_ID_TEMA,DOCENTES_ID_DOCENTE) values ('26','Examen Programación Avanzada','Examen detallado sobre conceptos avanzados de programación.','Tecnología','90','7','3','50','5','1');
commit;
REM INSERTING into PROYECTOBD2.EXAMENES_ASIGNADOS
SET DEFINE OFF;
Insert into PROYECTOBD2.EXAMENES_ASIGNADOS (EXAMENES_ID_EXAMEN,GRUPOS_ID_GRUPO,FECHA_INICIO,FECHA_FIN,PESO) values ('21','2',to_timestamp('01/01/25 12:00:00,000000000 AM','DD/MM/RR HH12:MI:SSXFF AM'),to_timestamp('31/01/26 11:59:59,000000000 PM','DD/MM/RR HH12:MI:SSXFF AM'),'30');
Insert into PROYECTOBD2.EXAMENES_ASIGNADOS (EXAMENES_ID_EXAMEN,GRUPOS_ID_GRUPO,FECHA_INICIO,FECHA_FIN,PESO) values ('1','1',to_timestamp('01/05/24 10:00:00,000000000 AM','DD/MM/RR HH12:MI:SSXFF AM'),to_timestamp('01/05/24 11:00:00,000000000 AM','DD/MM/RR HH12:MI:SSXFF AM'),'50');
Insert into PROYECTOBD2.EXAMENES_ASIGNADOS (EXAMENES_ID_EXAMEN,GRUPOS_ID_GRUPO,FECHA_INICIO,FECHA_FIN,PESO) values ('2','2',to_timestamp('02/05/24 02:00:00,000000000 PM','DD/MM/RR HH12:MI:SSXFF AM'),to_timestamp('02/05/24 03:30:00,000000000 PM','DD/MM/RR HH12:MI:SSXFF AM'),'70');
Insert into PROYECTOBD2.EXAMENES_ASIGNADOS (EXAMENES_ID_EXAMEN,GRUPOS_ID_GRUPO,FECHA_INICIO,FECHA_FIN,PESO) values ('3','3',to_timestamp('03/05/24 09:00:00,000000000 AM','DD/MM/RR HH12:MI:SSXFF AM'),to_timestamp('03/05/24 10:30:00,000000000 AM','DD/MM/RR HH12:MI:SSXFF AM'),'80');
commit;
REM INSERTING into PROYECTOBD2.EXAMENES_BANCOS
SET DEFINE OFF;
REM INSERTING into PROYECTOBD2.EXAMENES_PREGUNTAS
SET DEFINE OFF;
Insert into PROYECTOBD2.EXAMENES_PREGUNTAS (EXAMENES_ID_EXAMEN,PREGUNTAS_ID_PREGUNTA,PORCENTAJE) values ('1','1',null);
Insert into PROYECTOBD2.EXAMENES_PREGUNTAS (EXAMENES_ID_EXAMEN,PREGUNTAS_ID_PREGUNTA,PORCENTAJE) values ('1','2',null);
Insert into PROYECTOBD2.EXAMENES_PREGUNTAS (EXAMENES_ID_EXAMEN,PREGUNTAS_ID_PREGUNTA,PORCENTAJE) values ('2','2',null);
Insert into PROYECTOBD2.EXAMENES_PREGUNTAS (EXAMENES_ID_EXAMEN,PREGUNTAS_ID_PREGUNTA,PORCENTAJE) values ('2','3',null);
Insert into PROYECTOBD2.EXAMENES_PREGUNTAS (EXAMENES_ID_EXAMEN,PREGUNTAS_ID_PREGUNTA,PORCENTAJE) values ('3','3',null);
Insert into PROYECTOBD2.EXAMENES_PREGUNTAS (EXAMENES_ID_EXAMEN,PREGUNTAS_ID_PREGUNTA,PORCENTAJE) values ('3','4',null);
Insert into PROYECTOBD2.EXAMENES_PREGUNTAS (EXAMENES_ID_EXAMEN,PREGUNTAS_ID_PREGUNTA,PORCENTAJE) values ('4','6',null);
Insert into PROYECTOBD2.EXAMENES_PREGUNTAS (EXAMENES_ID_EXAMEN,PREGUNTAS_ID_PREGUNTA,PORCENTAJE) values ('4','16',null);
Insert into PROYECTOBD2.EXAMENES_PREGUNTAS (EXAMENES_ID_EXAMEN,PREGUNTAS_ID_PREGUNTA,PORCENTAJE) values ('7','11',null);
Insert into PROYECTOBD2.EXAMENES_PREGUNTAS (EXAMENES_ID_EXAMEN,PREGUNTAS_ID_PREGUNTA,PORCENTAJE) values ('11','5',null);
Insert into PROYECTOBD2.EXAMENES_PREGUNTAS (EXAMENES_ID_EXAMEN,PREGUNTAS_ID_PREGUNTA,PORCENTAJE) values ('11','15',null);
Insert into PROYECTOBD2.EXAMENES_PREGUNTAS (EXAMENES_ID_EXAMEN,PREGUNTAS_ID_PREGUNTA,PORCENTAJE) values ('12','14',null);
Insert into PROYECTOBD2.EXAMENES_PREGUNTAS (EXAMENES_ID_EXAMEN,PREGUNTAS_ID_PREGUNTA,PORCENTAJE) values ('12','5',null);
Insert into PROYECTOBD2.EXAMENES_PREGUNTAS (EXAMENES_ID_EXAMEN,PREGUNTAS_ID_PREGUNTA,PORCENTAJE) values ('6','19',null);
Insert into PROYECTOBD2.EXAMENES_PREGUNTAS (EXAMENES_ID_EXAMEN,PREGUNTAS_ID_PREGUNTA,PORCENTAJE) values ('6','20',null);
Insert into PROYECTOBD2.EXAMENES_PREGUNTAS (EXAMENES_ID_EXAMEN,PREGUNTAS_ID_PREGUNTA,PORCENTAJE) values ('21','21',null);
Insert into PROYECTOBD2.EXAMENES_PREGUNTAS (EXAMENES_ID_EXAMEN,PREGUNTAS_ID_PREGUNTA,PORCENTAJE) values ('21','31',null);
Insert into PROYECTOBD2.EXAMENES_PREGUNTAS (EXAMENES_ID_EXAMEN,PREGUNTAS_ID_PREGUNTA,PORCENTAJE) values ('23','6',null);
Insert into PROYECTOBD2.EXAMENES_PREGUNTAS (EXAMENES_ID_EXAMEN,PREGUNTAS_ID_PREGUNTA,PORCENTAJE) values ('23','23',null);
Insert into PROYECTOBD2.EXAMENES_PREGUNTAS (EXAMENES_ID_EXAMEN,PREGUNTAS_ID_PREGUNTA,PORCENTAJE) values ('26','37',null);
Insert into PROYECTOBD2.EXAMENES_PREGUNTAS (EXAMENES_ID_EXAMEN,PREGUNTAS_ID_PREGUNTA,PORCENTAJE) values ('26','5',null);
Insert into PROYECTOBD2.EXAMENES_PREGUNTAS (EXAMENES_ID_EXAMEN,PREGUNTAS_ID_PREGUNTA,PORCENTAJE) values ('26','34',null);
commit;
REM INSERTING into PROYECTOBD2.EXAMENES_PRESENTADOS
SET DEFINE OFF;
Insert into PROYECTOBD2.EXAMENES_PRESENTADOS (ID_EXAMEN_PRESENTADO,FECHA_PRESENTACION,CALIFICACION,TIEMPO_TOMADO,DIRECCION_IP,EXAM_ASIGNADOS_EXAM_ID_EXAM,ESTUDIANTES_ID_ESTUDIANTE,EXAM_ASIGNADO_GRUP_ID_GRUP) values ('1',to_timestamp('01/05/24 10:30:00,000000000 AM','DD/MM/RR HH12:MI:SSXFF AM'),'80','50','192.168.1.1','1','1','1');
Insert into PROYECTOBD2.EXAMENES_PRESENTADOS (ID_EXAMEN_PRESENTADO,FECHA_PRESENTACION,CALIFICACION,TIEMPO_TOMADO,DIRECCION_IP,EXAM_ASIGNADOS_EXAM_ID_EXAM,ESTUDIANTES_ID_ESTUDIANTE,EXAM_ASIGNADO_GRUP_ID_GRUP) values ('2',to_timestamp('01/05/24 10:30:00,000000000 AM','DD/MM/RR HH12:MI:SSXFF AM'),'90','60','192.168.1.2','1','2','1');
Insert into PROYECTOBD2.EXAMENES_PRESENTADOS (ID_EXAMEN_PRESENTADO,FECHA_PRESENTACION,CALIFICACION,TIEMPO_TOMADO,DIRECCION_IP,EXAM_ASIGNADOS_EXAM_ID_EXAM,ESTUDIANTES_ID_ESTUDIANTE,EXAM_ASIGNADO_GRUP_ID_GRUP) values ('3',to_timestamp('02/05/24 03:00:00,000000000 PM','DD/MM/RR HH12:MI:SSXFF AM'),'85','70','192.168.1.3','2','3','2');
Insert into PROYECTOBD2.EXAMENES_PRESENTADOS (ID_EXAMEN_PRESENTADO,FECHA_PRESENTACION,CALIFICACION,TIEMPO_TOMADO,DIRECCION_IP,EXAM_ASIGNADOS_EXAM_ID_EXAM,ESTUDIANTES_ID_ESTUDIANTE,EXAM_ASIGNADO_GRUP_ID_GRUP) values ('4',to_timestamp('03/05/24 10:00:00,000000000 AM','DD/MM/RR HH12:MI:SSXFF AM'),'95','65','192.168.1.4','3','1','3');
commit;
REM INSERTING into PROYECTOBD2.GRUPOS
SET DEFINE OFF;
Insert into PROYECTOBD2.GRUPOS (ID_GRUPO,CURSOS_ID_CURSO,DOCENTES_ID_DOCENTE) values ('3','3','1');
Insert into PROYECTOBD2.GRUPOS (ID_GRUPO,CURSOS_ID_CURSO,DOCENTES_ID_DOCENTE) values ('1','1','1');
Insert into PROYECTOBD2.GRUPOS (ID_GRUPO,CURSOS_ID_CURSO,DOCENTES_ID_DOCENTE) values ('2','2','2');
Insert into PROYECTOBD2.GRUPOS (ID_GRUPO,CURSOS_ID_CURSO,DOCENTES_ID_DOCENTE) values ('4','4','3');
Insert into PROYECTOBD2.GRUPOS (ID_GRUPO,CURSOS_ID_CURSO,DOCENTES_ID_DOCENTE) values ('5','5','4');
Insert into PROYECTOBD2.GRUPOS (ID_GRUPO,CURSOS_ID_CURSO,DOCENTES_ID_DOCENTE) values ('6','6','5');
Insert into PROYECTOBD2.GRUPOS (ID_GRUPO,CURSOS_ID_CURSO,DOCENTES_ID_DOCENTE) values ('7','7','6');
Insert into PROYECTOBD2.GRUPOS (ID_GRUPO,CURSOS_ID_CURSO,DOCENTES_ID_DOCENTE) values ('8','8','7');
Insert into PROYECTOBD2.GRUPOS (ID_GRUPO,CURSOS_ID_CURSO,DOCENTES_ID_DOCENTE) values ('9','9','8');
Insert into PROYECTOBD2.GRUPOS (ID_GRUPO,CURSOS_ID_CURSO,DOCENTES_ID_DOCENTE) values ('10','10','9');
Insert into PROYECTOBD2.GRUPOS (ID_GRUPO,CURSOS_ID_CURSO,DOCENTES_ID_DOCENTE) values ('11','11','10');
Insert into PROYECTOBD2.GRUPOS (ID_GRUPO,CURSOS_ID_CURSO,DOCENTES_ID_DOCENTE) values ('16','4','10');
Insert into PROYECTOBD2.GRUPOS (ID_GRUPO,CURSOS_ID_CURSO,DOCENTES_ID_DOCENTE) values ('21','9','3');
Insert into PROYECTOBD2.GRUPOS (ID_GRUPO,CURSOS_ID_CURSO,DOCENTES_ID_DOCENTE) values ('22','10','4');
Insert into PROYECTOBD2.GRUPOS (ID_GRUPO,CURSOS_ID_CURSO,DOCENTES_ID_DOCENTE) values ('23','11','5');
Insert into PROYECTOBD2.GRUPOS (ID_GRUPO,CURSOS_ID_CURSO,DOCENTES_ID_DOCENTE) values ('24','12','6');
Insert into PROYECTOBD2.GRUPOS (ID_GRUPO,CURSOS_ID_CURSO,DOCENTES_ID_DOCENTE) values ('25','13','7');
Insert into PROYECTOBD2.GRUPOS (ID_GRUPO,CURSOS_ID_CURSO,DOCENTES_ID_DOCENTE) values ('12','12','1');
Insert into PROYECTOBD2.GRUPOS (ID_GRUPO,CURSOS_ID_CURSO,DOCENTES_ID_DOCENTE) values ('13','13','2');
Insert into PROYECTOBD2.GRUPOS (ID_GRUPO,CURSOS_ID_CURSO,DOCENTES_ID_DOCENTE) values ('14','14','3');
Insert into PROYECTOBD2.GRUPOS (ID_GRUPO,CURSOS_ID_CURSO,DOCENTES_ID_DOCENTE) values ('15','15','4');
Insert into PROYECTOBD2.GRUPOS (ID_GRUPO,CURSOS_ID_CURSO,DOCENTES_ID_DOCENTE) values ('17','5','1');
Insert into PROYECTOBD2.GRUPOS (ID_GRUPO,CURSOS_ID_CURSO,DOCENTES_ID_DOCENTE) values ('18','6','2');
Insert into PROYECTOBD2.GRUPOS (ID_GRUPO,CURSOS_ID_CURSO,DOCENTES_ID_DOCENTE) values ('19','7','3');
Insert into PROYECTOBD2.GRUPOS (ID_GRUPO,CURSOS_ID_CURSO,DOCENTES_ID_DOCENTE) values ('20','8','1');
commit;
REM INSERTING into PROYECTOBD2.HORARIOS
SET DEFINE OFF;
Insert into PROYECTOBD2.HORARIOS (ID_HORARIO,HORA_INICIO,HORA_FIN,DIA_SEMANA,LUGAR,GRUPOS_ID_GRUPO) values ('1',to_date('01/09/24','DD/MM/RR'),to_date('01/09/24','DD/MM/RR'),to_timestamp('01/09/24 08:00:00,000000000 AM','DD/MM/RR HH12:MI:SSXFF AM'),'Aula 101','1');
Insert into PROYECTOBD2.HORARIOS (ID_HORARIO,HORA_INICIO,HORA_FIN,DIA_SEMANA,LUGAR,GRUPOS_ID_GRUPO) values ('2',to_date('01/09/24','DD/MM/RR'),to_date('01/09/24','DD/MM/RR'),to_timestamp('02/09/24 08:00:00,000000000 AM','DD/MM/RR HH12:MI:SSXFF AM'),'Aula 102','2');
Insert into PROYECTOBD2.HORARIOS (ID_HORARIO,HORA_INICIO,HORA_FIN,DIA_SEMANA,LUGAR,GRUPOS_ID_GRUPO) values ('3',to_date('01/09/24','DD/MM/RR'),to_date('01/09/24','DD/MM/RR'),to_timestamp('03/09/24 08:00:00,000000000 AM','DD/MM/RR HH12:MI:SSXFF AM'),'Aula 103','3');
Insert into PROYECTOBD2.HORARIOS (ID_HORARIO,HORA_INICIO,HORA_FIN,DIA_SEMANA,LUGAR,GRUPOS_ID_GRUPO) values ('4',to_date('01/09/24','DD/MM/RR'),to_date('01/09/24','DD/MM/RR'),to_timestamp('04/09/24 08:00:00,000000000 AM','DD/MM/RR HH12:MI:SSXFF AM'),'Aula 104','4');
Insert into PROYECTOBD2.HORARIOS (ID_HORARIO,HORA_INICIO,HORA_FIN,DIA_SEMANA,LUGAR,GRUPOS_ID_GRUPO) values ('5',to_date('01/09/24','DD/MM/RR'),to_date('01/09/24','DD/MM/RR'),to_timestamp('05/09/24 08:00:00,000000000 AM','DD/MM/RR HH12:MI:SSXFF AM'),'Aula 105','5');
Insert into PROYECTOBD2.HORARIOS (ID_HORARIO,HORA_INICIO,HORA_FIN,DIA_SEMANA,LUGAR,GRUPOS_ID_GRUPO) values ('6',to_date('01/09/24','DD/MM/RR'),to_date('01/09/24','DD/MM/RR'),to_timestamp('01/09/24 08:00:00,000000000 AM','DD/MM/RR HH12:MI:SSXFF AM'),'Aula 106','6');
Insert into PROYECTOBD2.HORARIOS (ID_HORARIO,HORA_INICIO,HORA_FIN,DIA_SEMANA,LUGAR,GRUPOS_ID_GRUPO) values ('7',to_date('01/09/24','DD/MM/RR'),to_date('01/09/24','DD/MM/RR'),to_timestamp('02/09/24 08:00:00,000000000 AM','DD/MM/RR HH12:MI:SSXFF AM'),'Aula 107','7');
Insert into PROYECTOBD2.HORARIOS (ID_HORARIO,HORA_INICIO,HORA_FIN,DIA_SEMANA,LUGAR,GRUPOS_ID_GRUPO) values ('8',to_date('01/09/24','DD/MM/RR'),to_date('01/09/24','DD/MM/RR'),to_timestamp('03/09/24 08:00:00,000000000 AM','DD/MM/RR HH12:MI:SSXFF AM'),'Aula 108','8');
Insert into PROYECTOBD2.HORARIOS (ID_HORARIO,HORA_INICIO,HORA_FIN,DIA_SEMANA,LUGAR,GRUPOS_ID_GRUPO) values ('9',to_date('01/09/24','DD/MM/RR'),to_date('02/09/24','DD/MM/RR'),to_timestamp('04/09/24 08:00:00,000000000 AM','DD/MM/RR HH12:MI:SSXFF AM'),'Aula 109','9');
Insert into PROYECTOBD2.HORARIOS (ID_HORARIO,HORA_INICIO,HORA_FIN,DIA_SEMANA,LUGAR,GRUPOS_ID_GRUPO) values ('10',to_date('02/09/24','DD/MM/RR'),to_date('02/09/24','DD/MM/RR'),to_timestamp('05/09/24 08:00:00,000000000 AM','DD/MM/RR HH12:MI:SSXFF AM'),'Aula 110','10');
Insert into PROYECTOBD2.HORARIOS (ID_HORARIO,HORA_INICIO,HORA_FIN,DIA_SEMANA,LUGAR,GRUPOS_ID_GRUPO) values ('11',to_date('02/09/24','DD/MM/RR'),to_date('02/09/24','DD/MM/RR'),to_timestamp('01/09/24 08:00:00,000000000 AM','DD/MM/RR HH12:MI:SSXFF AM'),'Aula 101','11');
Insert into PROYECTOBD2.HORARIOS (ID_HORARIO,HORA_INICIO,HORA_FIN,DIA_SEMANA,LUGAR,GRUPOS_ID_GRUPO) values ('12',to_date('02/09/24','DD/MM/RR'),to_date('02/09/24','DD/MM/RR'),to_timestamp('02/09/24 08:00:00,000000000 AM','DD/MM/RR HH12:MI:SSXFF AM'),'Aula 102','12');
Insert into PROYECTOBD2.HORARIOS (ID_HORARIO,HORA_INICIO,HORA_FIN,DIA_SEMANA,LUGAR,GRUPOS_ID_GRUPO) values ('13',to_date('02/09/24','DD/MM/RR'),to_date('02/09/24','DD/MM/RR'),to_timestamp('03/09/24 08:00:00,000000000 AM','DD/MM/RR HH12:MI:SSXFF AM'),'Aula 103','13');
Insert into PROYECTOBD2.HORARIOS (ID_HORARIO,HORA_INICIO,HORA_FIN,DIA_SEMANA,LUGAR,GRUPOS_ID_GRUPO) values ('14',to_date('02/09/24','DD/MM/RR'),to_date('02/09/24','DD/MM/RR'),to_timestamp('04/09/24 08:00:00,000000000 AM','DD/MM/RR HH12:MI:SSXFF AM'),'Aula 104','14');
Insert into PROYECTOBD2.HORARIOS (ID_HORARIO,HORA_INICIO,HORA_FIN,DIA_SEMANA,LUGAR,GRUPOS_ID_GRUPO) values ('15',to_date('02/09/24','DD/MM/RR'),to_date('02/09/24','DD/MM/RR'),to_timestamp('05/09/24 08:00:00,000000000 AM','DD/MM/RR HH12:MI:SSXFF AM'),'Aula 105','15');
Insert into PROYECTOBD2.HORARIOS (ID_HORARIO,HORA_INICIO,HORA_FIN,DIA_SEMANA,LUGAR,GRUPOS_ID_GRUPO) values ('16',to_date('02/09/24','DD/MM/RR'),to_date('02/09/24','DD/MM/RR'),to_timestamp('01/09/24 08:00:00,000000000 AM','DD/MM/RR HH12:MI:SSXFF AM'),'Aula 106','16');
Insert into PROYECTOBD2.HORARIOS (ID_HORARIO,HORA_INICIO,HORA_FIN,DIA_SEMANA,LUGAR,GRUPOS_ID_GRUPO) values ('17',to_date('02/09/24','DD/MM/RR'),to_date('02/09/24','DD/MM/RR'),to_timestamp('02/09/24 08:00:00,000000000 AM','DD/MM/RR HH12:MI:SSXFF AM'),'Aula 107','17');
Insert into PROYECTOBD2.HORARIOS (ID_HORARIO,HORA_INICIO,HORA_FIN,DIA_SEMANA,LUGAR,GRUPOS_ID_GRUPO) values ('18',to_date('02/09/24','DD/MM/RR'),to_date('02/09/24','DD/MM/RR'),to_timestamp('03/09/24 08:00:00,000000000 AM','DD/MM/RR HH12:MI:SSXFF AM'),'Aula 108','18');
Insert into PROYECTOBD2.HORARIOS (ID_HORARIO,HORA_INICIO,HORA_FIN,DIA_SEMANA,LUGAR,GRUPOS_ID_GRUPO) values ('19',to_date('02/09/24','DD/MM/RR'),to_date('02/09/24','DD/MM/RR'),to_timestamp('04/09/24 08:00:00,000000000 AM','DD/MM/RR HH12:MI:SSXFF AM'),'Aula 109','19');
Insert into PROYECTOBD2.HORARIOS (ID_HORARIO,HORA_INICIO,HORA_FIN,DIA_SEMANA,LUGAR,GRUPOS_ID_GRUPO) values ('20',to_date('02/09/24','DD/MM/RR'),to_date('02/09/24','DD/MM/RR'),to_timestamp('05/09/24 08:00:00,000000000 AM','DD/MM/RR HH12:MI:SSXFF AM'),'Aula 110','20');
Insert into PROYECTOBD2.HORARIOS (ID_HORARIO,HORA_INICIO,HORA_FIN,DIA_SEMANA,LUGAR,GRUPOS_ID_GRUPO) values ('21',to_date('02/09/24','DD/MM/RR'),to_date('03/09/24','DD/MM/RR'),to_timestamp('01/09/24 08:00:00,000000000 AM','DD/MM/RR HH12:MI:SSXFF AM'),'Aula 101','21');
Insert into PROYECTOBD2.HORARIOS (ID_HORARIO,HORA_INICIO,HORA_FIN,DIA_SEMANA,LUGAR,GRUPOS_ID_GRUPO) values ('22',to_date('03/09/24','DD/MM/RR'),to_date('03/09/24','DD/MM/RR'),to_timestamp('02/09/24 08:00:00,000000000 AM','DD/MM/RR HH12:MI:SSXFF AM'),'Aula 102','22');
Insert into PROYECTOBD2.HORARIOS (ID_HORARIO,HORA_INICIO,HORA_FIN,DIA_SEMANA,LUGAR,GRUPOS_ID_GRUPO) values ('23',to_date('03/09/24','DD/MM/RR'),to_date('03/09/24','DD/MM/RR'),to_timestamp('03/09/24 08:00:00,000000000 AM','DD/MM/RR HH12:MI:SSXFF AM'),'Aula 103','23');
Insert into PROYECTOBD2.HORARIOS (ID_HORARIO,HORA_INICIO,HORA_FIN,DIA_SEMANA,LUGAR,GRUPOS_ID_GRUPO) values ('24',to_date('03/09/24','DD/MM/RR'),to_date('03/09/24','DD/MM/RR'),to_timestamp('04/09/24 08:00:00,000000000 AM','DD/MM/RR HH12:MI:SSXFF AM'),'Aula 104','24');
Insert into PROYECTOBD2.HORARIOS (ID_HORARIO,HORA_INICIO,HORA_FIN,DIA_SEMANA,LUGAR,GRUPOS_ID_GRUPO) values ('25',to_date('03/09/24','DD/MM/RR'),to_date('03/09/24','DD/MM/RR'),to_timestamp('05/09/24 08:00:00,000000000 AM','DD/MM/RR HH12:MI:SSXFF AM'),'Aula 105','25');
commit;
REM INSERTING into PROYECTOBD2.OPCIONES_PREGUNTA
SET DEFINE OFF;
Insert into PROYECTOBD2.OPCIONES_PREGUNTA (ID_OPCION,TEXTO_OPCION,ES_CORRECTA,PREGUNTAS_ID_PREGUNTA) values ('1','4','Y','1');
Insert into PROYECTOBD2.OPCIONES_PREGUNTA (ID_OPCION,TEXTO_OPCION,ES_CORRECTA,PREGUNTAS_ID_PREGUNTA) values ('2','5','N','1');
Insert into PROYECTOBD2.OPCIONES_PREGUNTA (ID_OPCION,TEXTO_OPCION,ES_CORRECTA,PREGUNTAS_ID_PREGUNTA) values ('3','2x','Y','2');
Insert into PROYECTOBD2.OPCIONES_PREGUNTA (ID_OPCION,TEXTO_OPCION,ES_CORRECTA,PREGUNTAS_ID_PREGUNTA) values ('4','x^2','N','2');
Insert into PROYECTOBD2.OPCIONES_PREGUNTA (ID_OPCION,TEXTO_OPCION,ES_CORRECTA,PREGUNTAS_ID_PREGUNTA) values ('5','d = m/v','N','3');
Insert into PROYECTOBD2.OPCIONES_PREGUNTA (ID_OPCION,TEXTO_OPCION,ES_CORRECTA,PREGUNTAS_ID_PREGUNTA) values ('6','v = d/t','Y','3');
Insert into PROYECTOBD2.OPCIONES_PREGUNTA (ID_OPCION,TEXTO_OPCION,ES_CORRECTA,PREGUNTAS_ID_PREGUNTA) values ('7','Cantidad de líneas magnéticas','Y','4');
Insert into PROYECTOBD2.OPCIONES_PREGUNTA (ID_OPCION,TEXTO_OPCION,ES_CORRECTA,PREGUNTAS_ID_PREGUNTA) values ('8','Carga eléctrica','N','4');
Insert into PROYECTOBD2.OPCIONES_PREGUNTA (ID_OPCION,TEXTO_OPCION,ES_CORRECTA,PREGUNTAS_ID_PREGUNTA) values ('9','variable x = 10','Y','5');
Insert into PROYECTOBD2.OPCIONES_PREGUNTA (ID_OPCION,TEXTO_OPCION,ES_CORRECTA,PREGUNTAS_ID_PREGUNTA) values ('10','var x = 10','N','5');
Insert into PROYECTOBD2.OPCIONES_PREGUNTA (ID_OPCION,TEXTO_OPCION,ES_CORRECTA,PREGUNTAS_ID_PREGUNTA) values ('21','Litio (Li)','Y','26');
Insert into PROYECTOBD2.OPCIONES_PREGUNTA (ID_OPCION,TEXTO_OPCION,ES_CORRECTA,PREGUNTAS_ID_PREGUNTA) values ('22','Sodio (Na)','Y','26');
Insert into PROYECTOBD2.OPCIONES_PREGUNTA (ID_OPCION,TEXTO_OPCION,ES_CORRECTA,PREGUNTAS_ID_PREGUNTA) values ('23','Hierro (Fe)','N','26');
Insert into PROYECTOBD2.OPCIONES_PREGUNTA (ID_OPCION,TEXTO_OPCION,ES_CORRECTA,PREGUNTAS_ID_PREGUNTA) values ('24','Júpiter','Y','28');
Insert into PROYECTOBD2.OPCIONES_PREGUNTA (ID_OPCION,TEXTO_OPCION,ES_CORRECTA,PREGUNTAS_ID_PREGUNTA) values ('25','Saturno','Y','28');
Insert into PROYECTOBD2.OPCIONES_PREGUNTA (ID_OPCION,TEXTO_OPCION,ES_CORRECTA,PREGUNTAS_ID_PREGUNTA) values ('26','Marte','N','28');
Insert into PROYECTOBD2.OPCIONES_PREGUNTA (ID_OPCION,TEXTO_OPCION,ES_CORRECTA,PREGUNTAS_ID_PREGUNTA) values ('27','Estados Unidos','Y','30');
Insert into PROYECTOBD2.OPCIONES_PREGUNTA (ID_OPCION,TEXTO_OPCION,ES_CORRECTA,PREGUNTAS_ID_PREGUNTA) values ('28','China','Y','30');
Insert into PROYECTOBD2.OPCIONES_PREGUNTA (ID_OPCION,TEXTO_OPCION,ES_CORRECTA,PREGUNTAS_ID_PREGUNTA) values ('29','Brasil','N','30');
Insert into PROYECTOBD2.OPCIONES_PREGUNTA (ID_OPCION,TEXTO_OPCION,ES_CORRECTA,PREGUNTAS_ID_PREGUNTA) values ('30','Herencia de caracteres adquiridos','N','32');
Insert into PROYECTOBD2.OPCIONES_PREGUNTA (ID_OPCION,TEXTO_OPCION,ES_CORRECTA,PREGUNTAS_ID_PREGUNTA) values ('31','Variabilidad genética','Y','32');
Insert into PROYECTOBD2.OPCIONES_PREGUNTA (ID_OPCION,TEXTO_OPCION,ES_CORRECTA,PREGUNTAS_ID_PREGUNTA) values ('32','Selección natural','Y','32');
Insert into PROYECTOBD2.OPCIONES_PREGUNTA (ID_OPCION,TEXTO_OPCION,ES_CORRECTA,PREGUNTAS_ID_PREGUNTA) values ('33','C++','Y','34');
Insert into PROYECTOBD2.OPCIONES_PREGUNTA (ID_OPCION,TEXTO_OPCION,ES_CORRECTA,PREGUNTAS_ID_PREGUNTA) values ('34','Python','Y','34');
Insert into PROYECTOBD2.OPCIONES_PREGUNTA (ID_OPCION,TEXTO_OPCION,ES_CORRECTA,PREGUNTAS_ID_PREGUNTA) values ('35','Assembler','N','34');
Insert into PROYECTOBD2.OPCIONES_PREGUNTA (ID_OPCION,TEXTO_OPCION,ES_CORRECTA,PREGUNTAS_ID_PREGUNTA) values ('36','Cien años de soledad','Y','36');
Insert into PROYECTOBD2.OPCIONES_PREGUNTA (ID_OPCION,TEXTO_OPCION,ES_CORRECTA,PREGUNTAS_ID_PREGUNTA) values ('37','El amor en los tiempos del cólera','Y','36');
Insert into PROYECTOBD2.OPCIONES_PREGUNTA (ID_OPCION,TEXTO_OPCION,ES_CORRECTA,PREGUNTAS_ID_PREGUNTA) values ('38','El Quijote','N','36');
Insert into PROYECTOBD2.OPCIONES_PREGUNTA (ID_OPCION,TEXTO_OPCION,ES_CORRECTA,PREGUNTAS_ID_PREGUNTA) values ('39','Verdadero','Y','27');
Insert into PROYECTOBD2.OPCIONES_PREGUNTA (ID_OPCION,TEXTO_OPCION,ES_CORRECTA,PREGUNTAS_ID_PREGUNTA) values ('40','Falso','N','27');
Insert into PROYECTOBD2.OPCIONES_PREGUNTA (ID_OPCION,TEXTO_OPCION,ES_CORRECTA,PREGUNTAS_ID_PREGUNTA) values ('41','Verdadero','Y','29');
Insert into PROYECTOBD2.OPCIONES_PREGUNTA (ID_OPCION,TEXTO_OPCION,ES_CORRECTA,PREGUNTAS_ID_PREGUNTA) values ('42','Falso','N','29');
Insert into PROYECTOBD2.OPCIONES_PREGUNTA (ID_OPCION,TEXTO_OPCION,ES_CORRECTA,PREGUNTAS_ID_PREGUNTA) values ('43','Verdadero','N','31');
Insert into PROYECTOBD2.OPCIONES_PREGUNTA (ID_OPCION,TEXTO_OPCION,ES_CORRECTA,PREGUNTAS_ID_PREGUNTA) values ('44','Falso','Y','31');
Insert into PROYECTOBD2.OPCIONES_PREGUNTA (ID_OPCION,TEXTO_OPCION,ES_CORRECTA,PREGUNTAS_ID_PREGUNTA) values ('45','Verdadero','Y','33');
Insert into PROYECTOBD2.OPCIONES_PREGUNTA (ID_OPCION,TEXTO_OPCION,ES_CORRECTA,PREGUNTAS_ID_PREGUNTA) values ('46','Falso','N','33');
Insert into PROYECTOBD2.OPCIONES_PREGUNTA (ID_OPCION,TEXTO_OPCION,ES_CORRECTA,PREGUNTAS_ID_PREGUNTA) values ('47','Verdadero','Y','35');
Insert into PROYECTOBD2.OPCIONES_PREGUNTA (ID_OPCION,TEXTO_OPCION,ES_CORRECTA,PREGUNTAS_ID_PREGUNTA) values ('48','Falso','N','35');
Insert into PROYECTOBD2.OPCIONES_PREGUNTA (ID_OPCION,TEXTO_OPCION,ES_CORRECTA,PREGUNTAS_ID_PREGUNTA) values ('11','Proceso de convertir luz en energía química','Y','6');
Insert into PROYECTOBD2.OPCIONES_PREGUNTA (ID_OPCION,TEXTO_OPCION,ES_CORRECTA,PREGUNTAS_ID_PREGUNTA) values ('12','Proceso de respiración en plantas','N','6');
Insert into PROYECTOBD2.OPCIONES_PREGUNTA (ID_OPCION,TEXTO_OPCION,ES_CORRECTA,PREGUNTAS_ID_PREGUNTA) values ('13','Teoría sobre la gravedad','N','7');
Insert into PROYECTOBD2.OPCIONES_PREGUNTA (ID_OPCION,TEXTO_OPCION,ES_CORRECTA,PREGUNTAS_ID_PREGUNTA) values ('14','Teoría sobre espacio y tiempo','Y','7');
Insert into PROYECTOBD2.OPCIONES_PREGUNTA (ID_OPCION,TEXTO_OPCION,ES_CORRECTA,PREGUNTAS_ID_PREGUNTA) values ('15','París','Y','8');
Insert into PROYECTOBD2.OPCIONES_PREGUNTA (ID_OPCION,TEXTO_OPCION,ES_CORRECTA,PREGUNTAS_ID_PREGUNTA) values ('16','Lyon','N','8');
Insert into PROYECTOBD2.OPCIONES_PREGUNTA (ID_OPCION,TEXTO_OPCION,ES_CORRECTA,PREGUNTAS_ID_PREGUNTA) values ('17','Oxígeno','N','9');
Insert into PROYECTOBD2.OPCIONES_PREGUNTA (ID_OPCION,TEXTO_OPCION,ES_CORRECTA,PREGUNTAS_ID_PREGUNTA) values ('18','Nitrógeno','Y','9');
Insert into PROYECTOBD2.OPCIONES_PREGUNTA (ID_OPCION,TEXTO_OPCION,ES_CORRECTA,PREGUNTAS_ID_PREGUNTA) values ('19','Charles Babbage','Y','10');
Insert into PROYECTOBD2.OPCIONES_PREGUNTA (ID_OPCION,TEXTO_OPCION,ES_CORRECTA,PREGUNTAS_ID_PREGUNTA) values ('20','Thomas Edison','N','10');
Insert into PROYECTOBD2.OPCIONES_PREGUNTA (ID_OPCION,TEXTO_OPCION,ES_CORRECTA,PREGUNTAS_ID_PREGUNTA) values ('49','Miguel de Cervantes','Y','11');
Insert into PROYECTOBD2.OPCIONES_PREGUNTA (ID_OPCION,TEXTO_OPCION,ES_CORRECTA,PREGUNTAS_ID_PREGUNTA) values ('50','Lope de Vega','N','11');
Insert into PROYECTOBD2.OPCIONES_PREGUNTA (ID_OPCION,TEXTO_OPCION,ES_CORRECTA,PREGUNTAS_ID_PREGUNTA) values ('51','Proceso de división celular','Y','12');
Insert into PROYECTOBD2.OPCIONES_PREGUNTA (ID_OPCION,TEXTO_OPCION,ES_CORRECTA,PREGUNTAS_ID_PREGUNTA) values ('52','Proceso de fusión nuclear','N','12');
Insert into PROYECTOBD2.OPCIONES_PREGUNTA (ID_OPCION,TEXTO_OPCION,ES_CORRECTA,PREGUNTAS_ID_PREGUNTA) values ('53','Ley de Gravitación Universal','Y','13');
Insert into PROYECTOBD2.OPCIONES_PREGUNTA (ID_OPCION,TEXTO_OPCION,ES_CORRECTA,PREGUNTAS_ID_PREGUNTA) values ('54','Leyes de Movimiento de Newton','N','13');
Insert into PROYECTOBD2.OPCIONES_PREGUNTA (ID_OPCION,TEXTO_OPCION,ES_CORRECTA,PREGUNTAS_ID_PREGUNTA) values ('55','Conjunto de instrucciones o reglas definidas','Y','14');
Insert into PROYECTOBD2.OPCIONES_PREGUNTA (ID_OPCION,TEXTO_OPCION,ES_CORRECTA,PREGUNTAS_ID_PREGUNTA) values ('56','Una función matemática compleja','N','14');
Insert into PROYECTOBD2.OPCIONES_PREGUNTA (ID_OPCION,TEXTO_OPCION,ES_CORRECTA,PREGUNTAS_ID_PREGUNTA) values ('57','Masa es la cantidad de materia, peso es la fuerza de gravedad sobre esa materia','Y','15');
Insert into PROYECTOBD2.OPCIONES_PREGUNTA (ID_OPCION,TEXTO_OPCION,ES_CORRECTA,PREGUNTAS_ID_PREGUNTA) values ('58','Masa y peso son términos intercambiables','N','15');
Insert into PROYECTOBD2.OPCIONES_PREGUNTA (ID_OPCION,TEXTO_OPCION,ES_CORRECTA,PREGUNTAS_ID_PREGUNTA) values ('59','Oxígeno y glucosa','Y','16');
Insert into PROYECTOBD2.OPCIONES_PREGUNTA (ID_OPCION,TEXTO_OPCION,ES_CORRECTA,PREGUNTAS_ID_PREGUNTA) values ('60','Carbono y agua','N','16');
Insert into PROYECTOBD2.OPCIONES_PREGUNTA (ID_OPCION,TEXTO_OPCION,ES_CORRECTA,PREGUNTAS_ID_PREGUNTA) values ('61','Gobierno del pueblo','Y','17');
Insert into PROYECTOBD2.OPCIONES_PREGUNTA (ID_OPCION,TEXTO_OPCION,ES_CORRECTA,PREGUNTAS_ID_PREGUNTA) values ('62','Gobierno de una minoría','N','17');
Insert into PROYECTOBD2.OPCIONES_PREGUNTA (ID_OPCION,TEXTO_OPCION,ES_CORRECTA,PREGUNTAS_ID_PREGUNTA) values ('63','H2O','Y','18');
Insert into PROYECTOBD2.OPCIONES_PREGUNTA (ID_OPCION,TEXTO_OPCION,ES_CORRECTA,PREGUNTAS_ID_PREGUNTA) values ('64','CO2','N','18');
Insert into PROYECTOBD2.OPCIONES_PREGUNTA (ID_OPCION,TEXTO_OPCION,ES_CORRECTA,PREGUNTAS_ID_PREGUNTA) values ('65','Neil Armstrong','Y','19');
Insert into PROYECTOBD2.OPCIONES_PREGUNTA (ID_OPCION,TEXTO_OPCION,ES_CORRECTA,PREGUNTAS_ID_PREGUNTA) values ('66','Buzz Aldrin','N','19');
Insert into PROYECTOBD2.OPCIONES_PREGUNTA (ID_OPCION,TEXTO_OPCION,ES_CORRECTA,PREGUNTAS_ID_PREGUNTA) values ('67','Medida del desorden o aleatoriedad en un sistema','Y','20');
Insert into PROYECTOBD2.OPCIONES_PREGUNTA (ID_OPCION,TEXTO_OPCION,ES_CORRECTA,PREGUNTAS_ID_PREGUNTA) values ('68','Tipo de energía conservada','N','20');
Insert into PROYECTOBD2.OPCIONES_PREGUNTA (ID_OPCION,TEXTO_OPCION,ES_CORRECTA,PREGUNTAS_ID_PREGUNTA) values ('69','En cinco reinos','Y','21');
Insert into PROYECTOBD2.OPCIONES_PREGUNTA (ID_OPCION,TEXTO_OPCION,ES_CORRECTA,PREGUNTAS_ID_PREGUNTA) values ('70','En tres dominios','N','21');
Insert into PROYECTOBD2.OPCIONES_PREGUNTA (ID_OPCION,TEXTO_OPCION,ES_CORRECTA,PREGUNTAS_ID_PREGUNTA) values ('71','Objeto con magnitud y dirección','Y','22');
Insert into PROYECTOBD2.OPCIONES_PREGUNTA (ID_OPCION,TEXTO_OPCION,ES_CORRECTA,PREGUNTAS_ID_PREGUNTA) values ('72','Secuencia de números en una fila','N','22');
Insert into PROYECTOBD2.OPCIONES_PREGUNTA (ID_OPCION,TEXTO_OPCION,ES_CORRECTA,PREGUNTAS_ID_PREGUNTA) values ('73','V = IR','Y','23');
Insert into PROYECTOBD2.OPCIONES_PREGUNTA (ID_OPCION,TEXTO_OPCION,ES_CORRECTA,PREGUNTAS_ID_PREGUNTA) values ('74','F = ma','N','23');
Insert into PROYECTOBD2.OPCIONES_PREGUNTA (ID_OPCION,TEXTO_OPCION,ES_CORRECTA,PREGUNTAS_ID_PREGUNTA) values ('75','Ecuación que relaciona una función con sus derivadas','Y','24');
Insert into PROYECTOBD2.OPCIONES_PREGUNTA (ID_OPCION,TEXTO_OPCION,ES_CORRECTA,PREGUNTAS_ID_PREGUNTA) values ('76','Ecuación que solo incluye números enteros','N','24');
Insert into PROYECTOBD2.OPCIONES_PREGUNTA (ID_OPCION,TEXTO_OPCION,ES_CORRECTA,PREGUNTAS_ID_PREGUNTA) values ('77','Teoría física que postula que las partículas puntuales son en realidad "cuerdas" unidimensionales','Y','25');
Insert into PROYECTOBD2.OPCIONES_PREGUNTA (ID_OPCION,TEXTO_OPCION,ES_CORRECTA,PREGUNTAS_ID_PREGUNTA) values ('78','Teoría matemática sobre la interacción de las cuerdas en la música','N','25');
Insert into PROYECTOBD2.OPCIONES_PREGUNTA (ID_OPCION,TEXTO_OPCION,ES_CORRECTA,PREGUNTAS_ID_PREGUNTA) values ('79','Programación Funcional','Y','37');
Insert into PROYECTOBD2.OPCIONES_PREGUNTA (ID_OPCION,TEXTO_OPCION,ES_CORRECTA,PREGUNTAS_ID_PREGUNTA) values ('80','Programación Orientada a Objetos','N','37');
Insert into PROYECTOBD2.OPCIONES_PREGUNTA (ID_OPCION,TEXTO_OPCION,ES_CORRECTA,PREGUNTAS_ID_PREGUNTA) values ('81','Programación Imperativa','N','37');
commit;
REM INSERTING into PROYECTOBD2.PREGUNTAS
SET DEFINE OFF;
Insert into PROYECTOBD2.PREGUNTAS (ID_PREGUNTA,TEXTO_PREGUNTA,DURACION,PRIVADA,PREGUNTAS_ID_PREGUNTA,TIPO_PREGUNTA_ID_TIPO) values ('1','¿Cuál es el resultado de 2+2?','60','N',null,'1');
Insert into PROYECTOBD2.PREGUNTAS (ID_PREGUNTA,TEXTO_PREGUNTA,DURACION,PRIVADA,PREGUNTAS_ID_PREGUNTA,TIPO_PREGUNTA_ID_TIPO) values ('2','¿Cuál es la derivada de x^2?','90','Y',null,'1');
Insert into PROYECTOBD2.PREGUNTAS (ID_PREGUNTA,TEXTO_PREGUNTA,DURACION,PRIVADA,PREGUNTAS_ID_PREGUNTA,TIPO_PREGUNTA_ID_TIPO) values ('3','¿Cuál es la fórmula de la velocidad?','120','N',null,'1');
Insert into PROYECTOBD2.PREGUNTAS (ID_PREGUNTA,TEXTO_PREGUNTA,DURACION,PRIVADA,PREGUNTAS_ID_PREGUNTA,TIPO_PREGUNTA_ID_TIPO) values ('4','¿Qué es el flujo magnético?','150','Y',null,'1');
Insert into PROYECTOBD2.PREGUNTAS (ID_PREGUNTA,TEXTO_PREGUNTA,DURACION,PRIVADA,PREGUNTAS_ID_PREGUNTA,TIPO_PREGUNTA_ID_TIPO) values ('5','¿Cómo se declara una variable en Python?','90','N',null,'1');
Insert into PROYECTOBD2.PREGUNTAS (ID_PREGUNTA,TEXTO_PREGUNTA,DURACION,PRIVADA,PREGUNTAS_ID_PREGUNTA,TIPO_PREGUNTA_ID_TIPO) values ('6','¿Qué es la fotosíntesis?','60','N',null,'1');
Insert into PROYECTOBD2.PREGUNTAS (ID_PREGUNTA,TEXTO_PREGUNTA,DURACION,PRIVADA,PREGUNTAS_ID_PREGUNTA,TIPO_PREGUNTA_ID_TIPO) values ('7','Define la teoría de la relatividad.','120','N',null,'1');
Insert into PROYECTOBD2.PREGUNTAS (ID_PREGUNTA,TEXTO_PREGUNTA,DURACION,PRIVADA,PREGUNTAS_ID_PREGUNTA,TIPO_PREGUNTA_ID_TIPO) values ('8','¿Cuál es la capital de Francia?','30','N',null,'1');
Insert into PROYECTOBD2.PREGUNTAS (ID_PREGUNTA,TEXTO_PREGUNTA,DURACION,PRIVADA,PREGUNTAS_ID_PREGUNTA,TIPO_PREGUNTA_ID_TIPO) values ('9','¿Cuál es el elemento químico más abundante en la atmósfera terrestre?','90','N',null,'1');
Insert into PROYECTOBD2.PREGUNTAS (ID_PREGUNTA,TEXTO_PREGUNTA,DURACION,PRIVADA,PREGUNTAS_ID_PREGUNTA,TIPO_PREGUNTA_ID_TIPO) values ('10','¿Cuál es el principal precursor de la informática moderna?','150','N',null,'1');
Insert into PROYECTOBD2.PREGUNTAS (ID_PREGUNTA,TEXTO_PREGUNTA,DURACION,PRIVADA,PREGUNTAS_ID_PREGUNTA,TIPO_PREGUNTA_ID_TIPO) values ('11','¿Quién escribió "Don Quijote de la Mancha"?','60','N',null,'1');
Insert into PROYECTOBD2.PREGUNTAS (ID_PREGUNTA,TEXTO_PREGUNTA,DURACION,PRIVADA,PREGUNTAS_ID_PREGUNTA,TIPO_PREGUNTA_ID_TIPO) values ('12','Describe el proceso de mitosis.','120','N',null,'1');
Insert into PROYECTOBD2.PREGUNTAS (ID_PREGUNTA,TEXTO_PREGUNTA,DURACION,PRIVADA,PREGUNTAS_ID_PREGUNTA,TIPO_PREGUNTA_ID_TIPO) values ('13','¿Qué ley física explica por qué los planetas no se caen del cielo?','90','N',null,'1');
Insert into PROYECTOBD2.PREGUNTAS (ID_PREGUNTA,TEXTO_PREGUNTA,DURACION,PRIVADA,PREGUNTAS_ID_PREGUNTA,TIPO_PREGUNTA_ID_TIPO) values ('14','¿Qué es un algoritmo?','60','N',null,'1');
Insert into PROYECTOBD2.PREGUNTAS (ID_PREGUNTA,TEXTO_PREGUNTA,DURACION,PRIVADA,PREGUNTAS_ID_PREGUNTA,TIPO_PREGUNTA_ID_TIPO) values ('15','Explica la diferencia entre masa y peso.','150','N',null,'1');
Insert into PROYECTOBD2.PREGUNTAS (ID_PREGUNTA,TEXTO_PREGUNTA,DURACION,PRIVADA,PREGUNTAS_ID_PREGUNTA,TIPO_PREGUNTA_ID_TIPO) values ('16','¿Cuáles son los productos de la fotosíntesis?','60','N',null,'1');
Insert into PROYECTOBD2.PREGUNTAS (ID_PREGUNTA,TEXTO_PREGUNTA,DURACION,PRIVADA,PREGUNTAS_ID_PREGUNTA,TIPO_PREGUNTA_ID_TIPO) values ('17','¿Qué es la democracia?','90','N',null,'1');
Insert into PROYECTOBD2.PREGUNTAS (ID_PREGUNTA,TEXTO_PREGUNTA,DURACION,PRIVADA,PREGUNTAS_ID_PREGUNTA,TIPO_PREGUNTA_ID_TIPO) values ('18','¿Cuál es la fórmula del agua?','30','N',null,'1');
Insert into PROYECTOBD2.PREGUNTAS (ID_PREGUNTA,TEXTO_PREGUNTA,DURACION,PRIVADA,PREGUNTAS_ID_PREGUNTA,TIPO_PREGUNTA_ID_TIPO) values ('19','¿Quién fue el primer hombre en la luna?','60','N',null,'1');
Insert into PROYECTOBD2.PREGUNTAS (ID_PREGUNTA,TEXTO_PREGUNTA,DURACION,PRIVADA,PREGUNTAS_ID_PREGUNTA,TIPO_PREGUNTA_ID_TIPO) values ('20','¿Qué es la entropía?','120','N',null,'1');
Insert into PROYECTOBD2.PREGUNTAS (ID_PREGUNTA,TEXTO_PREGUNTA,DURACION,PRIVADA,PREGUNTAS_ID_PREGUNTA,TIPO_PREGUNTA_ID_TIPO) values ('21','¿Cómo se clasifican los seres vivos?','90','N',null,'1');
Insert into PROYECTOBD2.PREGUNTAS (ID_PREGUNTA,TEXTO_PREGUNTA,DURACION,PRIVADA,PREGUNTAS_ID_PREGUNTA,TIPO_PREGUNTA_ID_TIPO) values ('22','¿Qué es un vector en matemáticas?','60','N',null,'1');
Insert into PROYECTOBD2.PREGUNTAS (ID_PREGUNTA,TEXTO_PREGUNTA,DURACION,PRIVADA,PREGUNTAS_ID_PREGUNTA,TIPO_PREGUNTA_ID_TIPO) values ('23','¿Qué es la ley de Ohm?','150','N',null,'1');
Insert into PROYECTOBD2.PREGUNTAS (ID_PREGUNTA,TEXTO_PREGUNTA,DURACION,PRIVADA,PREGUNTAS_ID_PREGUNTA,TIPO_PREGUNTA_ID_TIPO) values ('24','¿Qué es una ecuación diferencial?','60','N',null,'1');
Insert into PROYECTOBD2.PREGUNTAS (ID_PREGUNTA,TEXTO_PREGUNTA,DURACION,PRIVADA,PREGUNTAS_ID_PREGUNTA,TIPO_PREGUNTA_ID_TIPO) values ('25','¿Qué es la teoría de cuerdas?','120','N',null,'1');
Insert into PROYECTOBD2.PREGUNTAS (ID_PREGUNTA,TEXTO_PREGUNTA,DURACION,PRIVADA,PREGUNTAS_ID_PREGUNTA,TIPO_PREGUNTA_ID_TIPO) values ('26','¿Cuáles de los siguientes elementos son metales alcalinos? (Seleccione todas las opciones correctas)','90','N',null,'2');
Insert into PROYECTOBD2.PREGUNTAS (ID_PREGUNTA,TEXTO_PREGUNTA,DURACION,PRIVADA,PREGUNTAS_ID_PREGUNTA,TIPO_PREGUNTA_ID_TIPO) values ('28','¿Qué planetas del sistema solar tienen anillos? (Seleccione todas las opciones correctas)','120','N',null,'2');
Insert into PROYECTOBD2.PREGUNTAS (ID_PREGUNTA,TEXTO_PREGUNTA,DURACION,PRIVADA,PREGUNTAS_ID_PREGUNTA,TIPO_PREGUNTA_ID_TIPO) values ('30','Seleccione los países que son miembros permanentes del Consejo de Seguridad de la ONU. (Seleccione todas las opciones correctas)','150','N',null,'2');
Insert into PROYECTOBD2.PREGUNTAS (ID_PREGUNTA,TEXTO_PREGUNTA,DURACION,PRIVADA,PREGUNTAS_ID_PREGUNTA,TIPO_PREGUNTA_ID_TIPO) values ('32','¿Cuáles de los siguientes son principios de la teoría de la evolución por selección natural? (Seleccione todas las opciones correctas)','90','N',null,'2');
Insert into PROYECTOBD2.PREGUNTAS (ID_PREGUNTA,TEXTO_PREGUNTA,DURACION,PRIVADA,PREGUNTAS_ID_PREGUNTA,TIPO_PREGUNTA_ID_TIPO) values ('34','¿Qué lenguajes de programación son considerados de alto nivel? (Seleccione todas las opciones correctas)','120','N',null,'2');
Insert into PROYECTOBD2.PREGUNTAS (ID_PREGUNTA,TEXTO_PREGUNTA,DURACION,PRIVADA,PREGUNTAS_ID_PREGUNTA,TIPO_PREGUNTA_ID_TIPO) values ('36','Seleccione las obras escritas por Gabriel García Márquez. (Seleccione todas las opciones correctas)','90','N',null,'2');
Insert into PROYECTOBD2.PREGUNTAS (ID_PREGUNTA,TEXTO_PREGUNTA,DURACION,PRIVADA,PREGUNTAS_ID_PREGUNTA,TIPO_PREGUNTA_ID_TIPO) values ('27','¿Es la energía cinética siempre positiva?','60','N',null,'3');
Insert into PROYECTOBD2.PREGUNTAS (ID_PREGUNTA,TEXTO_PREGUNTA,DURACION,PRIVADA,PREGUNTAS_ID_PREGUNTA,TIPO_PREGUNTA_ID_TIPO) values ('29','¿Es correcto afirmar que el sonido viaja más rápido en el agua que en el aire?','60','N',null,'3');
Insert into PROYECTOBD2.PREGUNTAS (ID_PREGUNTA,TEXTO_PREGUNTA,DURACION,PRIVADA,PREGUNTAS_ID_PREGUNTA,TIPO_PREGUNTA_ID_TIPO) values ('31','¿La fotosíntesis es un proceso que convierte el dióxido de carbono en oxígeno?','90','N',null,'3');
Insert into PROYECTOBD2.PREGUNTAS (ID_PREGUNTA,TEXTO_PREGUNTA,DURACION,PRIVADA,PREGUNTAS_ID_PREGUNTA,TIPO_PREGUNTA_ID_TIPO) values ('33','¿Es verdadero que el punto de ebullición del agua es a menor temperatura en la cima de una montaña que al nivel del mar?','60','N',null,'3');
Insert into PROYECTOBD2.PREGUNTAS (ID_PREGUNTA,TEXTO_PREGUNTA,DURACION,PRIVADA,PREGUNTAS_ID_PREGUNTA,TIPO_PREGUNTA_ID_TIPO) values ('35','¿El bitcoin es una criptomoneda basada en una red descentralizada?','60','N',null,'3');
Insert into PROYECTOBD2.PREGUNTAS (ID_PREGUNTA,TEXTO_PREGUNTA,DURACION,PRIVADA,PREGUNTAS_ID_PREGUNTA,TIPO_PREGUNTA_ID_TIPO) values ('37','¿Qué paradigma de programación se basa en la inmutabilidad de los datos?','90','N',null,'1');
commit;
REM INSERTING into PROYECTOBD2.PREGUNTAS_BANCOS
SET DEFINE OFF;
Insert into PROYECTOBD2.PREGUNTAS_BANCOS (BANCOS_DE_PREGUNTAS_ID_BANCO,PREGUNTAS_ID_PREGUNTA) values ('1','1');
Insert into PROYECTOBD2.PREGUNTAS_BANCOS (BANCOS_DE_PREGUNTAS_ID_BANCO,PREGUNTAS_ID_PREGUNTA) values ('2','2');
Insert into PROYECTOBD2.PREGUNTAS_BANCOS (BANCOS_DE_PREGUNTAS_ID_BANCO,PREGUNTAS_ID_PREGUNTA) values ('3','3');
Insert into PROYECTOBD2.PREGUNTAS_BANCOS (BANCOS_DE_PREGUNTAS_ID_BANCO,PREGUNTAS_ID_PREGUNTA) values ('4','4');
Insert into PROYECTOBD2.PREGUNTAS_BANCOS (BANCOS_DE_PREGUNTAS_ID_BANCO,PREGUNTAS_ID_PREGUNTA) values ('5','5');
commit;
REM INSERTING into PROYECTOBD2.RESPUESTAS_ESTUDIANTES
SET DEFINE OFF;
Insert into PROYECTOBD2.RESPUESTAS_ESTUDIANTES (EXAM_PRESENTADOS_ID_EXAM_PRES,PREGUNTAS_ID_PREGUNTA,OPCIONES_PREGUNTA_ID_OPCION) values ('1','1','1');
Insert into PROYECTOBD2.RESPUESTAS_ESTUDIANTES (EXAM_PRESENTADOS_ID_EXAM_PRES,PREGUNTAS_ID_PREGUNTA,OPCIONES_PREGUNTA_ID_OPCION) values ('2','1','1');
Insert into PROYECTOBD2.RESPUESTAS_ESTUDIANTES (EXAM_PRESENTADOS_ID_EXAM_PRES,PREGUNTAS_ID_PREGUNTA,OPCIONES_PREGUNTA_ID_OPCION) values ('1','2','3');
Insert into PROYECTOBD2.RESPUESTAS_ESTUDIANTES (EXAM_PRESENTADOS_ID_EXAM_PRES,PREGUNTAS_ID_PREGUNTA,OPCIONES_PREGUNTA_ID_OPCION) values ('2','2','3');
Insert into PROYECTOBD2.RESPUESTAS_ESTUDIANTES (EXAM_PRESENTADOS_ID_EXAM_PRES,PREGUNTAS_ID_PREGUNTA,OPCIONES_PREGUNTA_ID_OPCION) values ('3','3','6');
Insert into PROYECTOBD2.RESPUESTAS_ESTUDIANTES (EXAM_PRESENTADOS_ID_EXAM_PRES,PREGUNTAS_ID_PREGUNTA,OPCIONES_PREGUNTA_ID_OPCION) values ('3','4','7');
Insert into PROYECTOBD2.RESPUESTAS_ESTUDIANTES (EXAM_PRESENTADOS_ID_EXAM_PRES,PREGUNTAS_ID_PREGUNTA,OPCIONES_PREGUNTA_ID_OPCION) values ('4','5','9');
commit;
REM INSERTING into PROYECTOBD2.ROLES
SET DEFINE OFF;
Insert into PROYECTOBD2.ROLES (ID_ROLE,ROLE) values ('1','Administrador');
Insert into PROYECTOBD2.ROLES (ID_ROLE,ROLE) values ('2','Profesor');
Insert into PROYECTOBD2.ROLES (ID_ROLE,ROLE) values ('3','Estudiante');
commit;
REM INSERTING into PROYECTOBD2.TEMAS
SET DEFINE OFF;
Insert into PROYECTOBD2.TEMAS (ID_TEMA,NOMBRE) values ('1','Álgebra');
Insert into PROYECTOBD2.TEMAS (ID_TEMA,NOMBRE) values ('2','Cálculo');
Insert into PROYECTOBD2.TEMAS (ID_TEMA,NOMBRE) values ('3','Mecánica');
Insert into PROYECTOBD2.TEMAS (ID_TEMA,NOMBRE) values ('4','Electromagnetismo');
Insert into PROYECTOBD2.TEMAS (ID_TEMA,NOMBRE) values ('5','Programación');
Insert into PROYECTOBD2.TEMAS (ID_TEMA,NOMBRE) values ('6','Biología');
Insert into PROYECTOBD2.TEMAS (ID_TEMA,NOMBRE) values ('7','Química General');
Insert into PROYECTOBD2.TEMAS (ID_TEMA,NOMBRE) values ('8','Historia Mundial');
Insert into PROYECTOBD2.TEMAS (ID_TEMA,NOMBRE) values ('9','Literatura');
Insert into PROYECTOBD2.TEMAS (ID_TEMA,NOMBRE) values ('10','Estadística');
Insert into PROYECTOBD2.TEMAS (ID_TEMA,NOMBRE) values ('11','Filosofía');
Insert into PROYECTOBD2.TEMAS (ID_TEMA,NOMBRE) values ('12','Arte Moderno');
Insert into PROYECTOBD2.TEMAS (ID_TEMA,NOMBRE) values ('13','Física Cuántica');
Insert into PROYECTOBD2.TEMAS (ID_TEMA,NOMBRE) values ('14','Ciencias de la Computación');
Insert into PROYECTOBD2.TEMAS (ID_TEMA,NOMBRE) values ('15','Economía');
Insert into PROYECTOBD2.TEMAS (ID_TEMA,NOMBRE) values ('16','Inteligencia Artificial');
Insert into PROYECTOBD2.TEMAS (ID_TEMA,NOMBRE) values ('17','Sociología');
Insert into PROYECTOBD2.TEMAS (ID_TEMA,NOMBRE) values ('18','Psicología');
commit;
REM INSERTING into PROYECTOBD2.TIPO_PREGUNTA
SET DEFINE OFF;
Insert into PROYECTOBD2.TIPO_PREGUNTA (ID_TIPO,TIPO_PREGUNTA) values ('1','Selección Múltiple Única Respuesta');
Insert into PROYECTOBD2.TIPO_PREGUNTA (ID_TIPO,TIPO_PREGUNTA) values ('2','Selección Múltiple Múltiples Respuestas');
Insert into PROYECTOBD2.TIPO_PREGUNTA (ID_TIPO,TIPO_PREGUNTA) values ('3','Verdadero/Falso');
Insert into PROYECTOBD2.TIPO_PREGUNTA (ID_TIPO,TIPO_PREGUNTA) values ('4','Ordenar Conceptos');
Insert into PROYECTOBD2.TIPO_PREGUNTA (ID_TIPO,TIPO_PREGUNTA) values ('5','Emparejar Conceptos');
Insert into PROYECTOBD2.TIPO_PREGUNTA (ID_TIPO,TIPO_PREGUNTA) values ('6','Completar');
commit;
REM INSERTING into PROYECTOBD2.UNIDADES
SET DEFINE OFF;
REM INSERTING into PROYECTOBD2.USUARIOS
SET DEFINE OFF;
Insert into PROYECTOBD2.USUARIOS (ID_USUARIO,CORREO,CLAVE,ROLES_ID_ROLE) values ('7','profesor3@eduquiz.com','profesor123','2');
Insert into PROYECTOBD2.USUARIOS (ID_USUARIO,CORREO,CLAVE,ROLES_ID_ROLE) values ('8','profesor4@eduquiz.com','profesor123','2');
Insert into PROYECTOBD2.USUARIOS (ID_USUARIO,CORREO,CLAVE,ROLES_ID_ROLE) values ('9','profesor5@eduquiz.com','profesor123','2');
Insert into PROYECTOBD2.USUARIOS (ID_USUARIO,CORREO,CLAVE,ROLES_ID_ROLE) values ('10','profesor6@eduquiz.com','profesor123','2');
Insert into PROYECTOBD2.USUARIOS (ID_USUARIO,CORREO,CLAVE,ROLES_ID_ROLE) values ('11','profesor7@eduquiz.com','profesor123','2');
Insert into PROYECTOBD2.USUARIOS (ID_USUARIO,CORREO,CLAVE,ROLES_ID_ROLE) values ('12','profesor8@eduquiz.com','profesor123','2');
Insert into PROYECTOBD2.USUARIOS (ID_USUARIO,CORREO,CLAVE,ROLES_ID_ROLE) values ('13','profesor9@eduquiz.com','profesor123','2');
Insert into PROYECTOBD2.USUARIOS (ID_USUARIO,CORREO,CLAVE,ROLES_ID_ROLE) values ('14','profesor10@eduquiz.com','profesor123','2');
Insert into PROYECTOBD2.USUARIOS (ID_USUARIO,CORREO,CLAVE,ROLES_ID_ROLE) values ('15','estudiante4@eduquiz.com','estudiante123','3');
Insert into PROYECTOBD2.USUARIOS (ID_USUARIO,CORREO,CLAVE,ROLES_ID_ROLE) values ('16','estudiante5@eduquiz.com','estudiante123','3');
Insert into PROYECTOBD2.USUARIOS (ID_USUARIO,CORREO,CLAVE,ROLES_ID_ROLE) values ('17','estudiante6@eduquiz.com','estudiante123','3');
Insert into PROYECTOBD2.USUARIOS (ID_USUARIO,CORREO,CLAVE,ROLES_ID_ROLE) values ('18','estudiante7@eduquiz.com','estudiante123','3');
Insert into PROYECTOBD2.USUARIOS (ID_USUARIO,CORREO,CLAVE,ROLES_ID_ROLE) values ('19','estudiante8@eduquiz.com','estudiante123','3');
Insert into PROYECTOBD2.USUARIOS (ID_USUARIO,CORREO,CLAVE,ROLES_ID_ROLE) values ('20','estudiante9@eduquiz.com','estudiante123','3');
Insert into PROYECTOBD2.USUARIOS (ID_USUARIO,CORREO,CLAVE,ROLES_ID_ROLE) values ('21','estudiante10@eduquiz.com','estudiante123','3');
Insert into PROYECTOBD2.USUARIOS (ID_USUARIO,CORREO,CLAVE,ROLES_ID_ROLE) values ('22','estudiante11@eduquiz.com','estudiante123','3');
Insert into PROYECTOBD2.USUARIOS (ID_USUARIO,CORREO,CLAVE,ROLES_ID_ROLE) values ('23','estudiante12@eduquiz.com','estudiante123','3');
Insert into PROYECTOBD2.USUARIOS (ID_USUARIO,CORREO,CLAVE,ROLES_ID_ROLE) values ('24','estudiante13@eduquiz.com','estudiante123','3');
Insert into PROYECTOBD2.USUARIOS (ID_USUARIO,CORREO,CLAVE,ROLES_ID_ROLE) values ('25','estudiante14@eduquiz.com','estudiante123','3');
Insert into PROYECTOBD2.USUARIOS (ID_USUARIO,CORREO,CLAVE,ROLES_ID_ROLE) values ('1','admin@eduquiz.com','admin123','1');
Insert into PROYECTOBD2.USUARIOS (ID_USUARIO,CORREO,CLAVE,ROLES_ID_ROLE) values ('2','profesor1@eduquiz.com','profesor123','2');
Insert into PROYECTOBD2.USUARIOS (ID_USUARIO,CORREO,CLAVE,ROLES_ID_ROLE) values ('4','estudiante1@eduquiz.com','estudiante123','3');
Insert into PROYECTOBD2.USUARIOS (ID_USUARIO,CORREO,CLAVE,ROLES_ID_ROLE) values ('3','profesor2@eduquiz.com','profesor123','2');
Insert into PROYECTOBD2.USUARIOS (ID_USUARIO,CORREO,CLAVE,ROLES_ID_ROLE) values ('5','estudiante2@eduquiz.com','estudiante123','3');
Insert into PROYECTOBD2.USUARIOS (ID_USUARIO,CORREO,CLAVE,ROLES_ID_ROLE) values ('6','estudiante3@eduquiz.com','estudiante123','3');
commit;
REM INSERTING into PROYECTOBD2.VW_BANCOS_PREGUNTAS_DOCENTE
SET DEFINE OFF;
Insert into PROYECTOBD2.VW_BANCOS_PREGUNTAS_DOCENTE (ID_BANCO_PREGUNTAS,NOMBRE,DOCENTES_ID_DOCENTE) values ('1','Banco Álgebra Básico','1');
Insert into PROYECTOBD2.VW_BANCOS_PREGUNTAS_DOCENTE (ID_BANCO_PREGUNTAS,NOMBRE,DOCENTES_ID_DOCENTE) values ('2','Banco Cálculo Avanzado','1');
Insert into PROYECTOBD2.VW_BANCOS_PREGUNTAS_DOCENTE (ID_BANCO_PREGUNTAS,NOMBRE,DOCENTES_ID_DOCENTE) values ('3','Banco Mecánica','2');
Insert into PROYECTOBD2.VW_BANCOS_PREGUNTAS_DOCENTE (ID_BANCO_PREGUNTAS,NOMBRE,DOCENTES_ID_DOCENTE) values ('4','Banco Electromagnetismo','2');
Insert into PROYECTOBD2.VW_BANCOS_PREGUNTAS_DOCENTE (ID_BANCO_PREGUNTAS,NOMBRE,DOCENTES_ID_DOCENTE) values ('5','Banco Programación I','1');
commit;
REM INSERTING into PROYECTOBD2.VW_DETALLE_PREGUNTA
SET DEFINE OFF;
Insert into PROYECTOBD2.VW_DETALLE_PREGUNTA (IDPREGUNTA,DESCRIPCION,TIPOPREGUNTA,ACCESO,OPCION,RESPUESTA) values ('1','¿Cuál es el resultado de 2+2?','Selección Múltiple Única Respuesta','N','1','4');
Insert into PROYECTOBD2.VW_DETALLE_PREGUNTA (IDPREGUNTA,DESCRIPCION,TIPOPREGUNTA,ACCESO,OPCION,RESPUESTA) values ('1','¿Cuál es el resultado de 2+2?','Selección Múltiple Única Respuesta','N','2','5');
Insert into PROYECTOBD2.VW_DETALLE_PREGUNTA (IDPREGUNTA,DESCRIPCION,TIPOPREGUNTA,ACCESO,OPCION,RESPUESTA) values ('2','¿Cuál es la derivada de x^2?','Selección Múltiple Única Respuesta','Y','3','2x');
Insert into PROYECTOBD2.VW_DETALLE_PREGUNTA (IDPREGUNTA,DESCRIPCION,TIPOPREGUNTA,ACCESO,OPCION,RESPUESTA) values ('2','¿Cuál es la derivada de x^2?','Selección Múltiple Única Respuesta','Y','4','x^2');
Insert into PROYECTOBD2.VW_DETALLE_PREGUNTA (IDPREGUNTA,DESCRIPCION,TIPOPREGUNTA,ACCESO,OPCION,RESPUESTA) values ('3','¿Cuál es la fórmula de la velocidad?','Selección Múltiple Única Respuesta','N','5','d = m/v');
Insert into PROYECTOBD2.VW_DETALLE_PREGUNTA (IDPREGUNTA,DESCRIPCION,TIPOPREGUNTA,ACCESO,OPCION,RESPUESTA) values ('3','¿Cuál es la fórmula de la velocidad?','Selección Múltiple Única Respuesta','N','6','v = d/t');
Insert into PROYECTOBD2.VW_DETALLE_PREGUNTA (IDPREGUNTA,DESCRIPCION,TIPOPREGUNTA,ACCESO,OPCION,RESPUESTA) values ('4','¿Qué es el flujo magnético?','Selección Múltiple Única Respuesta','Y','7','Cantidad de líneas magnéticas');
Insert into PROYECTOBD2.VW_DETALLE_PREGUNTA (IDPREGUNTA,DESCRIPCION,TIPOPREGUNTA,ACCESO,OPCION,RESPUESTA) values ('4','¿Qué es el flujo magnético?','Selección Múltiple Única Respuesta','Y','8','Carga eléctrica');
Insert into PROYECTOBD2.VW_DETALLE_PREGUNTA (IDPREGUNTA,DESCRIPCION,TIPOPREGUNTA,ACCESO,OPCION,RESPUESTA) values ('5','¿Cómo se declara una variable en Python?','Selección Múltiple Única Respuesta','N','9','variable x = 10');
Insert into PROYECTOBD2.VW_DETALLE_PREGUNTA (IDPREGUNTA,DESCRIPCION,TIPOPREGUNTA,ACCESO,OPCION,RESPUESTA) values ('5','¿Cómo se declara una variable en Python?','Selección Múltiple Única Respuesta','N','10','var x = 10');
Insert into PROYECTOBD2.VW_DETALLE_PREGUNTA (IDPREGUNTA,DESCRIPCION,TIPOPREGUNTA,ACCESO,OPCION,RESPUESTA) values ('26','¿Cuáles de los siguientes elementos son metales alcalinos? (Seleccione todas las opciones correctas)','Selección Múltiple Múltiples Respuestas','N','21','Litio (Li)');
Insert into PROYECTOBD2.VW_DETALLE_PREGUNTA (IDPREGUNTA,DESCRIPCION,TIPOPREGUNTA,ACCESO,OPCION,RESPUESTA) values ('26','¿Cuáles de los siguientes elementos son metales alcalinos? (Seleccione todas las opciones correctas)','Selección Múltiple Múltiples Respuestas','N','22','Sodio (Na)');
Insert into PROYECTOBD2.VW_DETALLE_PREGUNTA (IDPREGUNTA,DESCRIPCION,TIPOPREGUNTA,ACCESO,OPCION,RESPUESTA) values ('26','¿Cuáles de los siguientes elementos son metales alcalinos? (Seleccione todas las opciones correctas)','Selección Múltiple Múltiples Respuestas','N','23','Hierro (Fe)');
Insert into PROYECTOBD2.VW_DETALLE_PREGUNTA (IDPREGUNTA,DESCRIPCION,TIPOPREGUNTA,ACCESO,OPCION,RESPUESTA) values ('28','¿Qué planetas del sistema solar tienen anillos? (Seleccione todas las opciones correctas)','Selección Múltiple Múltiples Respuestas','N','24','Júpiter');
Insert into PROYECTOBD2.VW_DETALLE_PREGUNTA (IDPREGUNTA,DESCRIPCION,TIPOPREGUNTA,ACCESO,OPCION,RESPUESTA) values ('28','¿Qué planetas del sistema solar tienen anillos? (Seleccione todas las opciones correctas)','Selección Múltiple Múltiples Respuestas','N','25','Saturno');
Insert into PROYECTOBD2.VW_DETALLE_PREGUNTA (IDPREGUNTA,DESCRIPCION,TIPOPREGUNTA,ACCESO,OPCION,RESPUESTA) values ('28','¿Qué planetas del sistema solar tienen anillos? (Seleccione todas las opciones correctas)','Selección Múltiple Múltiples Respuestas','N','26','Marte');
Insert into PROYECTOBD2.VW_DETALLE_PREGUNTA (IDPREGUNTA,DESCRIPCION,TIPOPREGUNTA,ACCESO,OPCION,RESPUESTA) values ('30','Seleccione los países que son miembros permanentes del Consejo de Seguridad de la ONU. (Seleccione todas las opciones correctas)','Selección Múltiple Múltiples Respuestas','N','27','Estados Unidos');
Insert into PROYECTOBD2.VW_DETALLE_PREGUNTA (IDPREGUNTA,DESCRIPCION,TIPOPREGUNTA,ACCESO,OPCION,RESPUESTA) values ('30','Seleccione los países que son miembros permanentes del Consejo de Seguridad de la ONU. (Seleccione todas las opciones correctas)','Selección Múltiple Múltiples Respuestas','N','28','China');
Insert into PROYECTOBD2.VW_DETALLE_PREGUNTA (IDPREGUNTA,DESCRIPCION,TIPOPREGUNTA,ACCESO,OPCION,RESPUESTA) values ('30','Seleccione los países que son miembros permanentes del Consejo de Seguridad de la ONU. (Seleccione todas las opciones correctas)','Selección Múltiple Múltiples Respuestas','N','29','Brasil');
Insert into PROYECTOBD2.VW_DETALLE_PREGUNTA (IDPREGUNTA,DESCRIPCION,TIPOPREGUNTA,ACCESO,OPCION,RESPUESTA) values ('32','¿Cuáles de los siguientes son principios de la teoría de la evolución por selección natural? (Seleccione todas las opciones correctas)','Selección Múltiple Múltiples Respuestas','N','30','Herencia de caracteres adquiridos');
Insert into PROYECTOBD2.VW_DETALLE_PREGUNTA (IDPREGUNTA,DESCRIPCION,TIPOPREGUNTA,ACCESO,OPCION,RESPUESTA) values ('32','¿Cuáles de los siguientes son principios de la teoría de la evolución por selección natural? (Seleccione todas las opciones correctas)','Selección Múltiple Múltiples Respuestas','N','31','Variabilidad genética');
Insert into PROYECTOBD2.VW_DETALLE_PREGUNTA (IDPREGUNTA,DESCRIPCION,TIPOPREGUNTA,ACCESO,OPCION,RESPUESTA) values ('32','¿Cuáles de los siguientes son principios de la teoría de la evolución por selección natural? (Seleccione todas las opciones correctas)','Selección Múltiple Múltiples Respuestas','N','32','Selección natural');
Insert into PROYECTOBD2.VW_DETALLE_PREGUNTA (IDPREGUNTA,DESCRIPCION,TIPOPREGUNTA,ACCESO,OPCION,RESPUESTA) values ('34','¿Qué lenguajes de programación son considerados de alto nivel? (Seleccione todas las opciones correctas)','Selección Múltiple Múltiples Respuestas','N','33','C++');
Insert into PROYECTOBD2.VW_DETALLE_PREGUNTA (IDPREGUNTA,DESCRIPCION,TIPOPREGUNTA,ACCESO,OPCION,RESPUESTA) values ('34','¿Qué lenguajes de programación son considerados de alto nivel? (Seleccione todas las opciones correctas)','Selección Múltiple Múltiples Respuestas','N','34','Python');
Insert into PROYECTOBD2.VW_DETALLE_PREGUNTA (IDPREGUNTA,DESCRIPCION,TIPOPREGUNTA,ACCESO,OPCION,RESPUESTA) values ('34','¿Qué lenguajes de programación son considerados de alto nivel? (Seleccione todas las opciones correctas)','Selección Múltiple Múltiples Respuestas','N','35','Assembler');
Insert into PROYECTOBD2.VW_DETALLE_PREGUNTA (IDPREGUNTA,DESCRIPCION,TIPOPREGUNTA,ACCESO,OPCION,RESPUESTA) values ('36','Seleccione las obras escritas por Gabriel García Márquez. (Seleccione todas las opciones correctas)','Selección Múltiple Múltiples Respuestas','N','36','Cien años de soledad');
Insert into PROYECTOBD2.VW_DETALLE_PREGUNTA (IDPREGUNTA,DESCRIPCION,TIPOPREGUNTA,ACCESO,OPCION,RESPUESTA) values ('36','Seleccione las obras escritas por Gabriel García Márquez. (Seleccione todas las opciones correctas)','Selección Múltiple Múltiples Respuestas','N','37','El amor en los tiempos del cólera');
Insert into PROYECTOBD2.VW_DETALLE_PREGUNTA (IDPREGUNTA,DESCRIPCION,TIPOPREGUNTA,ACCESO,OPCION,RESPUESTA) values ('36','Seleccione las obras escritas por Gabriel García Márquez. (Seleccione todas las opciones correctas)','Selección Múltiple Múltiples Respuestas','N','38','El Quijote');
Insert into PROYECTOBD2.VW_DETALLE_PREGUNTA (IDPREGUNTA,DESCRIPCION,TIPOPREGUNTA,ACCESO,OPCION,RESPUESTA) values ('27','¿Es la energía cinética siempre positiva?','Verdadero/Falso','N','39','Verdadero');
Insert into PROYECTOBD2.VW_DETALLE_PREGUNTA (IDPREGUNTA,DESCRIPCION,TIPOPREGUNTA,ACCESO,OPCION,RESPUESTA) values ('27','¿Es la energía cinética siempre positiva?','Verdadero/Falso','N','40','Falso');
Insert into PROYECTOBD2.VW_DETALLE_PREGUNTA (IDPREGUNTA,DESCRIPCION,TIPOPREGUNTA,ACCESO,OPCION,RESPUESTA) values ('29','¿Es correcto afirmar que el sonido viaja más rápido en el agua que en el aire?','Verdadero/Falso','N','41','Verdadero');
Insert into PROYECTOBD2.VW_DETALLE_PREGUNTA (IDPREGUNTA,DESCRIPCION,TIPOPREGUNTA,ACCESO,OPCION,RESPUESTA) values ('29','¿Es correcto afirmar que el sonido viaja más rápido en el agua que en el aire?','Verdadero/Falso','N','42','Falso');
Insert into PROYECTOBD2.VW_DETALLE_PREGUNTA (IDPREGUNTA,DESCRIPCION,TIPOPREGUNTA,ACCESO,OPCION,RESPUESTA) values ('31','¿La fotosíntesis es un proceso que convierte el dióxido de carbono en oxígeno?','Verdadero/Falso','N','43','Verdadero');
Insert into PROYECTOBD2.VW_DETALLE_PREGUNTA (IDPREGUNTA,DESCRIPCION,TIPOPREGUNTA,ACCESO,OPCION,RESPUESTA) values ('31','¿La fotosíntesis es un proceso que convierte el dióxido de carbono en oxígeno?','Verdadero/Falso','N','44','Falso');
Insert into PROYECTOBD2.VW_DETALLE_PREGUNTA (IDPREGUNTA,DESCRIPCION,TIPOPREGUNTA,ACCESO,OPCION,RESPUESTA) values ('33','¿Es verdadero que el punto de ebullición del agua es a menor temperatura en la cima de una montaña que al nivel del mar?','Verdadero/Falso','N','45','Verdadero');
Insert into PROYECTOBD2.VW_DETALLE_PREGUNTA (IDPREGUNTA,DESCRIPCION,TIPOPREGUNTA,ACCESO,OPCION,RESPUESTA) values ('33','¿Es verdadero que el punto de ebullición del agua es a menor temperatura en la cima de una montaña que al nivel del mar?','Verdadero/Falso','N','46','Falso');
Insert into PROYECTOBD2.VW_DETALLE_PREGUNTA (IDPREGUNTA,DESCRIPCION,TIPOPREGUNTA,ACCESO,OPCION,RESPUESTA) values ('35','¿El bitcoin es una criptomoneda basada en una red descentralizada?','Verdadero/Falso','N','47','Verdadero');
Insert into PROYECTOBD2.VW_DETALLE_PREGUNTA (IDPREGUNTA,DESCRIPCION,TIPOPREGUNTA,ACCESO,OPCION,RESPUESTA) values ('35','¿El bitcoin es una criptomoneda basada en una red descentralizada?','Verdadero/Falso','N','48','Falso');
Insert into PROYECTOBD2.VW_DETALLE_PREGUNTA (IDPREGUNTA,DESCRIPCION,TIPOPREGUNTA,ACCESO,OPCION,RESPUESTA) values ('6','¿Qué es la fotosíntesis?','Selección Múltiple Única Respuesta','N','11','Proceso de convertir luz en energía química');
Insert into PROYECTOBD2.VW_DETALLE_PREGUNTA (IDPREGUNTA,DESCRIPCION,TIPOPREGUNTA,ACCESO,OPCION,RESPUESTA) values ('6','¿Qué es la fotosíntesis?','Selección Múltiple Única Respuesta','N','12','Proceso de respiración en plantas');
Insert into PROYECTOBD2.VW_DETALLE_PREGUNTA (IDPREGUNTA,DESCRIPCION,TIPOPREGUNTA,ACCESO,OPCION,RESPUESTA) values ('7','Define la teoría de la relatividad.','Selección Múltiple Única Respuesta','N','13','Teoría sobre la gravedad');
Insert into PROYECTOBD2.VW_DETALLE_PREGUNTA (IDPREGUNTA,DESCRIPCION,TIPOPREGUNTA,ACCESO,OPCION,RESPUESTA) values ('7','Define la teoría de la relatividad.','Selección Múltiple Única Respuesta','N','14','Teoría sobre espacio y tiempo');
Insert into PROYECTOBD2.VW_DETALLE_PREGUNTA (IDPREGUNTA,DESCRIPCION,TIPOPREGUNTA,ACCESO,OPCION,RESPUESTA) values ('8','¿Cuál es la capital de Francia?','Selección Múltiple Única Respuesta','N','15','París');
Insert into PROYECTOBD2.VW_DETALLE_PREGUNTA (IDPREGUNTA,DESCRIPCION,TIPOPREGUNTA,ACCESO,OPCION,RESPUESTA) values ('8','¿Cuál es la capital de Francia?','Selección Múltiple Única Respuesta','N','16','Lyon');
Insert into PROYECTOBD2.VW_DETALLE_PREGUNTA (IDPREGUNTA,DESCRIPCION,TIPOPREGUNTA,ACCESO,OPCION,RESPUESTA) values ('9','¿Cuál es el elemento químico más abundante en la atmósfera terrestre?','Selección Múltiple Única Respuesta','N','17','Oxígeno');
Insert into PROYECTOBD2.VW_DETALLE_PREGUNTA (IDPREGUNTA,DESCRIPCION,TIPOPREGUNTA,ACCESO,OPCION,RESPUESTA) values ('9','¿Cuál es el elemento químico más abundante en la atmósfera terrestre?','Selección Múltiple Única Respuesta','N','18','Nitrógeno');
Insert into PROYECTOBD2.VW_DETALLE_PREGUNTA (IDPREGUNTA,DESCRIPCION,TIPOPREGUNTA,ACCESO,OPCION,RESPUESTA) values ('10','¿Cuál es el principal precursor de la informática moderna?','Selección Múltiple Única Respuesta','N','19','Charles Babbage');
Insert into PROYECTOBD2.VW_DETALLE_PREGUNTA (IDPREGUNTA,DESCRIPCION,TIPOPREGUNTA,ACCESO,OPCION,RESPUESTA) values ('10','¿Cuál es el principal precursor de la informática moderna?','Selección Múltiple Única Respuesta','N','20','Thomas Edison');
Insert into PROYECTOBD2.VW_DETALLE_PREGUNTA (IDPREGUNTA,DESCRIPCION,TIPOPREGUNTA,ACCESO,OPCION,RESPUESTA) values ('11','¿Quién escribió "Don Quijote de la Mancha"?','Selección Múltiple Única Respuesta','N','49','Miguel de Cervantes');
Insert into PROYECTOBD2.VW_DETALLE_PREGUNTA (IDPREGUNTA,DESCRIPCION,TIPOPREGUNTA,ACCESO,OPCION,RESPUESTA) values ('11','¿Quién escribió "Don Quijote de la Mancha"?','Selección Múltiple Única Respuesta','N','50','Lope de Vega');
Insert into PROYECTOBD2.VW_DETALLE_PREGUNTA (IDPREGUNTA,DESCRIPCION,TIPOPREGUNTA,ACCESO,OPCION,RESPUESTA) values ('12','Describe el proceso de mitosis.','Selección Múltiple Única Respuesta','N','51','Proceso de división celular');
Insert into PROYECTOBD2.VW_DETALLE_PREGUNTA (IDPREGUNTA,DESCRIPCION,TIPOPREGUNTA,ACCESO,OPCION,RESPUESTA) values ('12','Describe el proceso de mitosis.','Selección Múltiple Única Respuesta','N','52','Proceso de fusión nuclear');
Insert into PROYECTOBD2.VW_DETALLE_PREGUNTA (IDPREGUNTA,DESCRIPCION,TIPOPREGUNTA,ACCESO,OPCION,RESPUESTA) values ('13','¿Qué ley física explica por qué los planetas no se caen del cielo?','Selección Múltiple Única Respuesta','N','53','Ley de Gravitación Universal');
Insert into PROYECTOBD2.VW_DETALLE_PREGUNTA (IDPREGUNTA,DESCRIPCION,TIPOPREGUNTA,ACCESO,OPCION,RESPUESTA) values ('13','¿Qué ley física explica por qué los planetas no se caen del cielo?','Selección Múltiple Única Respuesta','N','54','Leyes de Movimiento de Newton');
Insert into PROYECTOBD2.VW_DETALLE_PREGUNTA (IDPREGUNTA,DESCRIPCION,TIPOPREGUNTA,ACCESO,OPCION,RESPUESTA) values ('14','¿Qué es un algoritmo?','Selección Múltiple Única Respuesta','N','55','Conjunto de instrucciones o reglas definidas');
Insert into PROYECTOBD2.VW_DETALLE_PREGUNTA (IDPREGUNTA,DESCRIPCION,TIPOPREGUNTA,ACCESO,OPCION,RESPUESTA) values ('14','¿Qué es un algoritmo?','Selección Múltiple Única Respuesta','N','56','Una función matemática compleja');
Insert into PROYECTOBD2.VW_DETALLE_PREGUNTA (IDPREGUNTA,DESCRIPCION,TIPOPREGUNTA,ACCESO,OPCION,RESPUESTA) values ('15','Explica la diferencia entre masa y peso.','Selección Múltiple Única Respuesta','N','57','Masa es la cantidad de materia, peso es la fuerza de gravedad sobre esa materia');
Insert into PROYECTOBD2.VW_DETALLE_PREGUNTA (IDPREGUNTA,DESCRIPCION,TIPOPREGUNTA,ACCESO,OPCION,RESPUESTA) values ('15','Explica la diferencia entre masa y peso.','Selección Múltiple Única Respuesta','N','58','Masa y peso son términos intercambiables');
Insert into PROYECTOBD2.VW_DETALLE_PREGUNTA (IDPREGUNTA,DESCRIPCION,TIPOPREGUNTA,ACCESO,OPCION,RESPUESTA) values ('16','¿Cuáles son los productos de la fotosíntesis?','Selección Múltiple Única Respuesta','N','59','Oxígeno y glucosa');
Insert into PROYECTOBD2.VW_DETALLE_PREGUNTA (IDPREGUNTA,DESCRIPCION,TIPOPREGUNTA,ACCESO,OPCION,RESPUESTA) values ('16','¿Cuáles son los productos de la fotosíntesis?','Selección Múltiple Única Respuesta','N','60','Carbono y agua');
Insert into PROYECTOBD2.VW_DETALLE_PREGUNTA (IDPREGUNTA,DESCRIPCION,TIPOPREGUNTA,ACCESO,OPCION,RESPUESTA) values ('17','¿Qué es la democracia?','Selección Múltiple Única Respuesta','N','61','Gobierno del pueblo');
Insert into PROYECTOBD2.VW_DETALLE_PREGUNTA (IDPREGUNTA,DESCRIPCION,TIPOPREGUNTA,ACCESO,OPCION,RESPUESTA) values ('17','¿Qué es la democracia?','Selección Múltiple Única Respuesta','N','62','Gobierno de una minoría');
Insert into PROYECTOBD2.VW_DETALLE_PREGUNTA (IDPREGUNTA,DESCRIPCION,TIPOPREGUNTA,ACCESO,OPCION,RESPUESTA) values ('18','¿Cuál es la fórmula del agua?','Selección Múltiple Única Respuesta','N','63','H2O');
Insert into PROYECTOBD2.VW_DETALLE_PREGUNTA (IDPREGUNTA,DESCRIPCION,TIPOPREGUNTA,ACCESO,OPCION,RESPUESTA) values ('18','¿Cuál es la fórmula del agua?','Selección Múltiple Única Respuesta','N','64','CO2');
Insert into PROYECTOBD2.VW_DETALLE_PREGUNTA (IDPREGUNTA,DESCRIPCION,TIPOPREGUNTA,ACCESO,OPCION,RESPUESTA) values ('19','¿Quién fue el primer hombre en la luna?','Selección Múltiple Única Respuesta','N','65','Neil Armstrong');
Insert into PROYECTOBD2.VW_DETALLE_PREGUNTA (IDPREGUNTA,DESCRIPCION,TIPOPREGUNTA,ACCESO,OPCION,RESPUESTA) values ('19','¿Quién fue el primer hombre en la luna?','Selección Múltiple Única Respuesta','N','66','Buzz Aldrin');
Insert into PROYECTOBD2.VW_DETALLE_PREGUNTA (IDPREGUNTA,DESCRIPCION,TIPOPREGUNTA,ACCESO,OPCION,RESPUESTA) values ('20','¿Qué es la entropía?','Selección Múltiple Única Respuesta','N','67','Medida del desorden o aleatoriedad en un sistema');
Insert into PROYECTOBD2.VW_DETALLE_PREGUNTA (IDPREGUNTA,DESCRIPCION,TIPOPREGUNTA,ACCESO,OPCION,RESPUESTA) values ('20','¿Qué es la entropía?','Selección Múltiple Única Respuesta','N','68','Tipo de energía conservada');
Insert into PROYECTOBD2.VW_DETALLE_PREGUNTA (IDPREGUNTA,DESCRIPCION,TIPOPREGUNTA,ACCESO,OPCION,RESPUESTA) values ('21','¿Cómo se clasifican los seres vivos?','Selección Múltiple Única Respuesta','N','69','En cinco reinos');
Insert into PROYECTOBD2.VW_DETALLE_PREGUNTA (IDPREGUNTA,DESCRIPCION,TIPOPREGUNTA,ACCESO,OPCION,RESPUESTA) values ('21','¿Cómo se clasifican los seres vivos?','Selección Múltiple Única Respuesta','N','70','En tres dominios');
Insert into PROYECTOBD2.VW_DETALLE_PREGUNTA (IDPREGUNTA,DESCRIPCION,TIPOPREGUNTA,ACCESO,OPCION,RESPUESTA) values ('22','¿Qué es un vector en matemáticas?','Selección Múltiple Única Respuesta','N','71','Objeto con magnitud y dirección');
Insert into PROYECTOBD2.VW_DETALLE_PREGUNTA (IDPREGUNTA,DESCRIPCION,TIPOPREGUNTA,ACCESO,OPCION,RESPUESTA) values ('22','¿Qué es un vector en matemáticas?','Selección Múltiple Única Respuesta','N','72','Secuencia de números en una fila');
Insert into PROYECTOBD2.VW_DETALLE_PREGUNTA (IDPREGUNTA,DESCRIPCION,TIPOPREGUNTA,ACCESO,OPCION,RESPUESTA) values ('23','¿Qué es la ley de Ohm?','Selección Múltiple Única Respuesta','N','73','V = IR');
Insert into PROYECTOBD2.VW_DETALLE_PREGUNTA (IDPREGUNTA,DESCRIPCION,TIPOPREGUNTA,ACCESO,OPCION,RESPUESTA) values ('23','¿Qué es la ley de Ohm?','Selección Múltiple Única Respuesta','N','74','F = ma');
Insert into PROYECTOBD2.VW_DETALLE_PREGUNTA (IDPREGUNTA,DESCRIPCION,TIPOPREGUNTA,ACCESO,OPCION,RESPUESTA) values ('24','¿Qué es una ecuación diferencial?','Selección Múltiple Única Respuesta','N','75','Ecuación que relaciona una función con sus derivadas');
Insert into PROYECTOBD2.VW_DETALLE_PREGUNTA (IDPREGUNTA,DESCRIPCION,TIPOPREGUNTA,ACCESO,OPCION,RESPUESTA) values ('24','¿Qué es una ecuación diferencial?','Selección Múltiple Única Respuesta','N','76','Ecuación que solo incluye números enteros');
Insert into PROYECTOBD2.VW_DETALLE_PREGUNTA (IDPREGUNTA,DESCRIPCION,TIPOPREGUNTA,ACCESO,OPCION,RESPUESTA) values ('25','¿Qué es la teoría de cuerdas?','Selección Múltiple Única Respuesta','N','77','Teoría física que postula que las partículas puntuales son en realidad "cuerdas" unidimensionales');
Insert into PROYECTOBD2.VW_DETALLE_PREGUNTA (IDPREGUNTA,DESCRIPCION,TIPOPREGUNTA,ACCESO,OPCION,RESPUESTA) values ('25','¿Qué es la teoría de cuerdas?','Selección Múltiple Única Respuesta','N','78','Teoría matemática sobre la interacción de las cuerdas en la música');
Insert into PROYECTOBD2.VW_DETALLE_PREGUNTA (IDPREGUNTA,DESCRIPCION,TIPOPREGUNTA,ACCESO,OPCION,RESPUESTA) values ('37','¿Qué paradigma de programación se basa en la inmutabilidad de los datos?','Selección Múltiple Única Respuesta','N','79','Programación Funcional');
Insert into PROYECTOBD2.VW_DETALLE_PREGUNTA (IDPREGUNTA,DESCRIPCION,TIPOPREGUNTA,ACCESO,OPCION,RESPUESTA) values ('37','¿Qué paradigma de programación se basa en la inmutabilidad de los datos?','Selección Múltiple Única Respuesta','N','80','Programación Orientada a Objetos');
Insert into PROYECTOBD2.VW_DETALLE_PREGUNTA (IDPREGUNTA,DESCRIPCION,TIPOPREGUNTA,ACCESO,OPCION,RESPUESTA) values ('37','¿Qué paradigma de programación se basa en la inmutabilidad de los datos?','Selección Múltiple Única Respuesta','N','81','Programación Imperativa');
commit;
REM INSERTING into PROYECTOBD2.VW_DETALLES_EXAMEN
SET DEFINE OFF;
Insert into PROYECTOBD2.VW_DETALLES_EXAMEN (IDEXAMEN,NOMBRE,DESCRIPCION,TEMA,NUMEROPREGUNTAS,NUMEROPREGUNTASALEATORIAS,DURACION,UMBRALAPROBACION,CATEGORIA) values ('1','Examen Álgebra','Examen de álgebra básico','Álgebra','5','3','60','60','Matemáticas');
Insert into PROYECTOBD2.VW_DETALLES_EXAMEN (IDEXAMEN,NOMBRE,DESCRIPCION,TEMA,NUMEROPREGUNTAS,NUMEROPREGUNTASALEATORIAS,DURACION,UMBRALAPROBACION,CATEGORIA) values ('20','Examen Astronomía','Examen detallado de Astronomía','Estadística','5','3','60','60','Ciencias');
Insert into PROYECTOBD2.VW_DETALLES_EXAMEN (IDEXAMEN,NOMBRE,DESCRIPCION,TEMA,NUMEROPREGUNTAS,NUMEROPREGUNTASALEATORIAS,DURACION,UMBRALAPROBACION,CATEGORIA) values ('8','Examen Estadística','Examen detallado de Estadística','Estadística','5','3','60','60','Matemáticas');
Insert into PROYECTOBD2.VW_DETALLES_EXAMEN (IDEXAMEN,NOMBRE,DESCRIPCION,TEMA,NUMEROPREGUNTAS,NUMEROPREGUNTASALEATORIAS,DURACION,UMBRALAPROBACION,CATEGORIA) values ('9','Examen Filosofía','Examen detallado de Filosofía','Filosofía','5','3','45','70','Humanidades');
Insert into PROYECTOBD2.VW_DETALLES_EXAMEN (IDEXAMEN,NOMBRE,DESCRIPCION,TEMA,NUMEROPREGUNTAS,NUMEROPREGUNTASALEATORIAS,DURACION,UMBRALAPROBACION,CATEGORIA) values ('10','Examen Arte Moderno','Examen detallado de Arte Moderno','Arte Moderno','5','3','60','60','Arte');
Insert into PROYECTOBD2.VW_DETALLES_EXAMEN (IDEXAMEN,NOMBRE,DESCRIPCION,TEMA,NUMEROPREGUNTAS,NUMEROPREGUNTASALEATORIAS,DURACION,UMBRALAPROBACION,CATEGORIA) values ('11','Examen Física Cuántica','Examen detallado de Física Cuántica','Física Cuántica','5','3','120','65','Ciencias');
Insert into PROYECTOBD2.VW_DETALLES_EXAMEN (IDEXAMEN,NOMBRE,DESCRIPCION,TEMA,NUMEROPREGUNTAS,NUMEROPREGUNTASALEATORIAS,DURACION,UMBRALAPROBACION,CATEGORIA) values ('12','Examen Ciencias de la Computación','Examen detallado de Ciencias de la Computación','Ciencias de la Computación','5','3','90','70','Tecnología');
Insert into PROYECTOBD2.VW_DETALLES_EXAMEN (IDEXAMEN,NOMBRE,DESCRIPCION,TEMA,NUMEROPREGUNTAS,NUMEROPREGUNTASALEATORIAS,DURACION,UMBRALAPROBACION,CATEGORIA) values ('13','Examen Economía','Examen detallado de Economía','Economía','5','3','60','60','Ciencias Sociales');
Insert into PROYECTOBD2.VW_DETALLES_EXAMEN (IDEXAMEN,NOMBRE,DESCRIPCION,TEMA,NUMEROPREGUNTAS,NUMEROPREGUNTASALEATORIAS,DURACION,UMBRALAPROBACION,CATEGORIA) values ('14','Examen Inteligencia Artificial','Examen detallado de Inteligencia Artificial','Inteligencia Artificial','5','3','75','65','Tecnología');
Insert into PROYECTOBD2.VW_DETALLES_EXAMEN (IDEXAMEN,NOMBRE,DESCRIPCION,TEMA,NUMEROPREGUNTAS,NUMEROPREGUNTASALEATORIAS,DURACION,UMBRALAPROBACION,CATEGORIA) values ('15','Examen Sociología','Examen detallado de Sociología','Sociología','5','3','90','70','Ciencias Sociales');
Insert into PROYECTOBD2.VW_DETALLES_EXAMEN (IDEXAMEN,NOMBRE,DESCRIPCION,TEMA,NUMEROPREGUNTAS,NUMEROPREGUNTASALEATORIAS,DURACION,UMBRALAPROBACION,CATEGORIA) values ('24','Examen Derecho Internacional','Examen detallado de Derecho Internacional','Sociología','5','3','75','70','Ciencias Sociales');
Insert into PROYECTOBD2.VW_DETALLES_EXAMEN (IDEXAMEN,NOMBRE,DESCRIPCION,TEMA,NUMEROPREGUNTAS,NUMEROPREGUNTASALEATORIAS,DURACION,UMBRALAPROBACION,CATEGORIA) values ('25','Examen Neuropsicología','Examen detallado de Neuropsicología','Psicología','5','3','120','65','Ciencias Sociales');
Insert into PROYECTOBD2.VW_DETALLES_EXAMEN (IDEXAMEN,NOMBRE,DESCRIPCION,TEMA,NUMEROPREGUNTAS,NUMEROPREGUNTASALEATORIAS,DURACION,UMBRALAPROBACION,CATEGORIA) values ('16','Examen Psicología','Examen detallado de Psicología','Psicología','5','3','45','65','Ciencias Sociales');
Insert into PROYECTOBD2.VW_DETALLES_EXAMEN (IDEXAMEN,NOMBRE,DESCRIPCION,TEMA,NUMEROPREGUNTAS,NUMEROPREGUNTASALEATORIAS,DURACION,UMBRALAPROBACION,CATEGORIA) values ('2','Examen Cálculo','Examen de cálculo avanzado','Cálculo','5','3','90','70','Matemáticas');
Insert into PROYECTOBD2.VW_DETALLES_EXAMEN (IDEXAMEN,NOMBRE,DESCRIPCION,TEMA,NUMEROPREGUNTAS,NUMEROPREGUNTASALEATORIAS,DURACION,UMBRALAPROBACION,CATEGORIA) values ('3','Examen Mecánica','Examen de mecánica básico','Mecánica','5','4','120','65','Física');
Insert into PROYECTOBD2.VW_DETALLES_EXAMEN (IDEXAMEN,NOMBRE,DESCRIPCION,TEMA,NUMEROPREGUNTAS,NUMEROPREGUNTASALEATORIAS,DURACION,UMBRALAPROBACION,CATEGORIA) values ('26','Examen Programación Avanzada','Examen detallado sobre conceptos avanzados de programación.','Programación','7','3','90','50','Tecnología');
Insert into PROYECTOBD2.VW_DETALLES_EXAMEN (IDEXAMEN,NOMBRE,DESCRIPCION,TEMA,NUMEROPREGUNTAS,NUMEROPREGUNTASALEATORIAS,DURACION,UMBRALAPROBACION,CATEGORIA) values ('17','Examen Microbiología','Examen detallado de Microbiología','Biología','5','3','60','60','Ciencias Naturales');
Insert into PROYECTOBD2.VW_DETALLES_EXAMEN (IDEXAMEN,NOMBRE,DESCRIPCION,TEMA,NUMEROPREGUNTAS,NUMEROPREGUNTASALEATORIAS,DURACION,UMBRALAPROBACION,CATEGORIA) values ('21','Examen Genética','Examen detallado de Genética','Biología','5','3','45','70','Ciencias Naturales');
Insert into PROYECTOBD2.VW_DETALLES_EXAMEN (IDEXAMEN,NOMBRE,DESCRIPCION,TEMA,NUMEROPREGUNTAS,NUMEROPREGUNTASALEATORIAS,DURACION,UMBRALAPROBACION,CATEGORIA) values ('23','Examen Ecología','Examen detallado de Ecología','Biología','5','3','90','60','Ciencias Naturales');
Insert into PROYECTOBD2.VW_DETALLES_EXAMEN (IDEXAMEN,NOMBRE,DESCRIPCION,TEMA,NUMEROPREGUNTAS,NUMEROPREGUNTASALEATORIAS,DURACION,UMBRALAPROBACION,CATEGORIA) values ('4','Examen Biología','Examen detallado de Biología','Biología','5','3','45','65','Ciencias Naturales');
Insert into PROYECTOBD2.VW_DETALLES_EXAMEN (IDEXAMEN,NOMBRE,DESCRIPCION,TEMA,NUMEROPREGUNTAS,NUMEROPREGUNTASALEATORIAS,DURACION,UMBRALAPROBACION,CATEGORIA) values ('5','Examen Química General','Examen detallado de Química General','Química General','5','3','60','60','Ciencias Naturales');
Insert into PROYECTOBD2.VW_DETALLES_EXAMEN (IDEXAMEN,NOMBRE,DESCRIPCION,TEMA,NUMEROPREGUNTAS,NUMEROPREGUNTASALEATORIAS,DURACION,UMBRALAPROBACION,CATEGORIA) values ('18','Examen Bioquímica','Examen detallado de Bioquímica','Química General','5','3','90','70','Ciencias Naturales');
Insert into PROYECTOBD2.VW_DETALLES_EXAMEN (IDEXAMEN,NOMBRE,DESCRIPCION,TEMA,NUMEROPREGUNTAS,NUMEROPREGUNTASALEATORIAS,DURACION,UMBRALAPROBACION,CATEGORIA) values ('22','Examen Geología','Examen detallado de Geología','Historia Mundial','5','3','60','65','Ciencias Naturales');
Insert into PROYECTOBD2.VW_DETALLES_EXAMEN (IDEXAMEN,NOMBRE,DESCRIPCION,TEMA,NUMEROPREGUNTAS,NUMEROPREGUNTASALEATORIAS,DURACION,UMBRALAPROBACION,CATEGORIA) values ('6','Examen Historia Mundial','Examen detallado de Historia Mundial','Historia Mundial','5','3','90','70','Humanidades');
Insert into PROYECTOBD2.VW_DETALLES_EXAMEN (IDEXAMEN,NOMBRE,DESCRIPCION,TEMA,NUMEROPREGUNTAS,NUMEROPREGUNTASALEATORIAS,DURACION,UMBRALAPROBACION,CATEGORIA) values ('19','Examen Antropología','Examen detallado de Antropología','Historia Mundial','5','3','75','65','Humanidades');
Insert into PROYECTOBD2.VW_DETALLES_EXAMEN (IDEXAMEN,NOMBRE,DESCRIPCION,TEMA,NUMEROPREGUNTAS,NUMEROPREGUNTASALEATORIAS,DURACION,UMBRALAPROBACION,CATEGORIA) values ('7','Examen Literatura','Examen detallado de Literatura','Literatura','5','3','75','65','Humanidades');
commit;
REM INSERTING into PROYECTOBD2.VW_ESTUDIANTES
SET DEFINE OFF;
Insert into PROYECTOBD2.VW_ESTUDIANTES (ID_USUARIO,ID_ESTUDIANTE,NOMBRE_ESTUDIANTE,APELLIDO_ESTUDIANTE,CORREO,TELEFONO) values ('21','10','Teresa','Vidal','estudiante10@eduquiz.com','958123470');
Insert into PROYECTOBD2.VW_ESTUDIANTES (ID_USUARIO,ID_ESTUDIANTE,NOMBRE_ESTUDIANTE,APELLIDO_ESTUDIANTE,CORREO,TELEFONO) values ('22','11','Nicolás','Castro','estudiante11@eduquiz.com','958123471');
Insert into PROYECTOBD2.VW_ESTUDIANTES (ID_USUARIO,ID_ESTUDIANTE,NOMBRE_ESTUDIANTE,APELLIDO_ESTUDIANTE,CORREO,TELEFONO) values ('23','12','Beatriz','Navarro','estudiante12@eduquiz.com','958123472');
Insert into PROYECTOBD2.VW_ESTUDIANTES (ID_USUARIO,ID_ESTUDIANTE,NOMBRE_ESTUDIANTE,APELLIDO_ESTUDIANTE,CORREO,TELEFONO) values ('24','13','Sergio','Gil','estudiante13@eduquiz.com','958123473');
Insert into PROYECTOBD2.VW_ESTUDIANTES (ID_USUARIO,ID_ESTUDIANTE,NOMBRE_ESTUDIANTE,APELLIDO_ESTUDIANTE,CORREO,TELEFONO) values ('25','14','Irene','Delgado','estudiante14@eduquiz.com','958123474');
Insert into PROYECTOBD2.VW_ESTUDIANTES (ID_USUARIO,ID_ESTUDIANTE,NOMBRE_ESTUDIANTE,APELLIDO_ESTUDIANTE,CORREO,TELEFONO) values ('4','1','Ana','Gómez','estudiante1@eduquiz.com','123123123');
Insert into PROYECTOBD2.VW_ESTUDIANTES (ID_USUARIO,ID_ESTUDIANTE,NOMBRE_ESTUDIANTE,APELLIDO_ESTUDIANTE,CORREO,TELEFONO) values ('5','2','Luis','Rodríguez','estudiante2@eduquiz.com','456456456');
Insert into PROYECTOBD2.VW_ESTUDIANTES (ID_USUARIO,ID_ESTUDIANTE,NOMBRE_ESTUDIANTE,APELLIDO_ESTUDIANTE,CORREO,TELEFONO) values ('6','3','Pedro','Martínez','estudiante3@eduquiz.com','789789789');
Insert into PROYECTOBD2.VW_ESTUDIANTES (ID_USUARIO,ID_ESTUDIANTE,NOMBRE_ESTUDIANTE,APELLIDO_ESTUDIANTE,CORREO,TELEFONO) values ('15','4','Roberto','Alvarez','estudiante4@eduquiz.com','958123464');
Insert into PROYECTOBD2.VW_ESTUDIANTES (ID_USUARIO,ID_ESTUDIANTE,NOMBRE_ESTUDIANTE,APELLIDO_ESTUDIANTE,CORREO,TELEFONO) values ('16','5','Patricia','Molina','estudiante5@eduquiz.com','958123465');
Insert into PROYECTOBD2.VW_ESTUDIANTES (ID_USUARIO,ID_ESTUDIANTE,NOMBRE_ESTUDIANTE,APELLIDO_ESTUDIANTE,CORREO,TELEFONO) values ('17','6','Lorena','Ruiz','estudiante6@eduquiz.com','958123466');
Insert into PROYECTOBD2.VW_ESTUDIANTES (ID_USUARIO,ID_ESTUDIANTE,NOMBRE_ESTUDIANTE,APELLIDO_ESTUDIANTE,CORREO,TELEFONO) values ('18','7','Carlos','Moreno','estudiante7@eduquiz.com','958123467');
Insert into PROYECTOBD2.VW_ESTUDIANTES (ID_USUARIO,ID_ESTUDIANTE,NOMBRE_ESTUDIANTE,APELLIDO_ESTUDIANTE,CORREO,TELEFONO) values ('19','8','Mónica','Jiménez','estudiante8@eduquiz.com','958123468');
Insert into PROYECTOBD2.VW_ESTUDIANTES (ID_USUARIO,ID_ESTUDIANTE,NOMBRE_ESTUDIANTE,APELLIDO_ESTUDIANTE,CORREO,TELEFONO) values ('20','9','Óscar','Díaz','estudiante9@eduquiz.com','958123469');
commit;
REM INSERTING into PROYECTOBD2.VW_ESTUDIANTES_GRUPO
SET DEFINE OFF;
Insert into PROYECTOBD2.VW_ESTUDIANTES_GRUPO (IDGRUPO,IDCURSO,IDDOCENTE,IDALUMNO,NOMBREALUMNO) values ('16','4','10','4','Roberto');
Insert into PROYECTOBD2.VW_ESTUDIANTES_GRUPO (IDGRUPO,IDCURSO,IDDOCENTE,IDALUMNO,NOMBREALUMNO) values ('4','4','3','4','Roberto');
Insert into PROYECTOBD2.VW_ESTUDIANTES_GRUPO (IDGRUPO,IDCURSO,IDDOCENTE,IDALUMNO,NOMBREALUMNO) values ('7','7','6','4','Roberto');
Insert into PROYECTOBD2.VW_ESTUDIANTES_GRUPO (IDGRUPO,IDCURSO,IDDOCENTE,IDALUMNO,NOMBREALUMNO) values ('17','5','1','5','Patricia');
Insert into PROYECTOBD2.VW_ESTUDIANTES_GRUPO (IDGRUPO,IDCURSO,IDDOCENTE,IDALUMNO,NOMBREALUMNO) values ('5','5','4','5','Patricia');
Insert into PROYECTOBD2.VW_ESTUDIANTES_GRUPO (IDGRUPO,IDCURSO,IDDOCENTE,IDALUMNO,NOMBREALUMNO) values ('8','8','7','5','Patricia');
Insert into PROYECTOBD2.VW_ESTUDIANTES_GRUPO (IDGRUPO,IDCURSO,IDDOCENTE,IDALUMNO,NOMBREALUMNO) values ('18','6','2','6','Lorena');
Insert into PROYECTOBD2.VW_ESTUDIANTES_GRUPO (IDGRUPO,IDCURSO,IDDOCENTE,IDALUMNO,NOMBREALUMNO) values ('6','6','5','6','Lorena');
Insert into PROYECTOBD2.VW_ESTUDIANTES_GRUPO (IDGRUPO,IDCURSO,IDDOCENTE,IDALUMNO,NOMBREALUMNO) values ('9','9','8','6','Lorena');
Insert into PROYECTOBD2.VW_ESTUDIANTES_GRUPO (IDGRUPO,IDCURSO,IDDOCENTE,IDALUMNO,NOMBREALUMNO) values ('10','10','9','7','Carlos');
Insert into PROYECTOBD2.VW_ESTUDIANTES_GRUPO (IDGRUPO,IDCURSO,IDDOCENTE,IDALUMNO,NOMBREALUMNO) values ('19','7','3','7','Carlos');
Insert into PROYECTOBD2.VW_ESTUDIANTES_GRUPO (IDGRUPO,IDCURSO,IDDOCENTE,IDALUMNO,NOMBREALUMNO) values ('7','7','6','7','Carlos');
Insert into PROYECTOBD2.VW_ESTUDIANTES_GRUPO (IDGRUPO,IDCURSO,IDDOCENTE,IDALUMNO,NOMBREALUMNO) values ('11','11','10','8','Mónica');
Insert into PROYECTOBD2.VW_ESTUDIANTES_GRUPO (IDGRUPO,IDCURSO,IDDOCENTE,IDALUMNO,NOMBREALUMNO) values ('20','8','1','8','Mónica');
Insert into PROYECTOBD2.VW_ESTUDIANTES_GRUPO (IDGRUPO,IDCURSO,IDDOCENTE,IDALUMNO,NOMBREALUMNO) values ('8','8','7','8','Mónica');
Insert into PROYECTOBD2.VW_ESTUDIANTES_GRUPO (IDGRUPO,IDCURSO,IDDOCENTE,IDALUMNO,NOMBREALUMNO) values ('12','12','1','9','Óscar');
Insert into PROYECTOBD2.VW_ESTUDIANTES_GRUPO (IDGRUPO,IDCURSO,IDDOCENTE,IDALUMNO,NOMBREALUMNO) values ('21','9','3','9','Óscar');
Insert into PROYECTOBD2.VW_ESTUDIANTES_GRUPO (IDGRUPO,IDCURSO,IDDOCENTE,IDALUMNO,NOMBREALUMNO) values ('9','9','8','9','Óscar');
Insert into PROYECTOBD2.VW_ESTUDIANTES_GRUPO (IDGRUPO,IDCURSO,IDDOCENTE,IDALUMNO,NOMBREALUMNO) values ('10','10','9','10','Teresa');
Insert into PROYECTOBD2.VW_ESTUDIANTES_GRUPO (IDGRUPO,IDCURSO,IDDOCENTE,IDALUMNO,NOMBREALUMNO) values ('13','13','2','10','Teresa');
Insert into PROYECTOBD2.VW_ESTUDIANTES_GRUPO (IDGRUPO,IDCURSO,IDDOCENTE,IDALUMNO,NOMBREALUMNO) values ('22','10','4','10','Teresa');
Insert into PROYECTOBD2.VW_ESTUDIANTES_GRUPO (IDGRUPO,IDCURSO,IDDOCENTE,IDALUMNO,NOMBREALUMNO) values ('11','11','10','11','Nicolás');
Insert into PROYECTOBD2.VW_ESTUDIANTES_GRUPO (IDGRUPO,IDCURSO,IDDOCENTE,IDALUMNO,NOMBREALUMNO) values ('14','14','3','11','Nicolás');
Insert into PROYECTOBD2.VW_ESTUDIANTES_GRUPO (IDGRUPO,IDCURSO,IDDOCENTE,IDALUMNO,NOMBREALUMNO) values ('23','11','5','11','Nicolás');
Insert into PROYECTOBD2.VW_ESTUDIANTES_GRUPO (IDGRUPO,IDCURSO,IDDOCENTE,IDALUMNO,NOMBREALUMNO) values ('12','12','1','12','Beatriz');
Insert into PROYECTOBD2.VW_ESTUDIANTES_GRUPO (IDGRUPO,IDCURSO,IDDOCENTE,IDALUMNO,NOMBREALUMNO) values ('24','12','6','12','Beatriz');
Insert into PROYECTOBD2.VW_ESTUDIANTES_GRUPO (IDGRUPO,IDCURSO,IDDOCENTE,IDALUMNO,NOMBREALUMNO) values ('13','13','2','13','Sergio');
Insert into PROYECTOBD2.VW_ESTUDIANTES_GRUPO (IDGRUPO,IDCURSO,IDDOCENTE,IDALUMNO,NOMBREALUMNO) values ('25','13','7','13','Sergio');
Insert into PROYECTOBD2.VW_ESTUDIANTES_GRUPO (IDGRUPO,IDCURSO,IDDOCENTE,IDALUMNO,NOMBREALUMNO) values ('1','1','1','14','Irene');
Insert into PROYECTOBD2.VW_ESTUDIANTES_GRUPO (IDGRUPO,IDCURSO,IDDOCENTE,IDALUMNO,NOMBREALUMNO) values ('14','14','3','14','Irene');
Insert into PROYECTOBD2.VW_ESTUDIANTES_GRUPO (IDGRUPO,IDCURSO,IDDOCENTE,IDALUMNO,NOMBREALUMNO) values ('15','15','4','14','Irene');
Insert into PROYECTOBD2.VW_ESTUDIANTES_GRUPO (IDGRUPO,IDCURSO,IDDOCENTE,IDALUMNO,NOMBREALUMNO) values ('1','1','1','1','Ana');
Insert into PROYECTOBD2.VW_ESTUDIANTES_GRUPO (IDGRUPO,IDCURSO,IDDOCENTE,IDALUMNO,NOMBREALUMNO) values ('2','2','2','1','Ana');
Insert into PROYECTOBD2.VW_ESTUDIANTES_GRUPO (IDGRUPO,IDCURSO,IDDOCENTE,IDALUMNO,NOMBREALUMNO) values ('3','3','1','1','Ana');
Insert into PROYECTOBD2.VW_ESTUDIANTES_GRUPO (IDGRUPO,IDCURSO,IDDOCENTE,IDALUMNO,NOMBREALUMNO) values ('4','4','3','1','Ana');
Insert into PROYECTOBD2.VW_ESTUDIANTES_GRUPO (IDGRUPO,IDCURSO,IDDOCENTE,IDALUMNO,NOMBREALUMNO) values ('1','1','1','2','Luis');
Insert into PROYECTOBD2.VW_ESTUDIANTES_GRUPO (IDGRUPO,IDCURSO,IDDOCENTE,IDALUMNO,NOMBREALUMNO) values ('3','3','1','2','Luis');
Insert into PROYECTOBD2.VW_ESTUDIANTES_GRUPO (IDGRUPO,IDCURSO,IDDOCENTE,IDALUMNO,NOMBREALUMNO) values ('5','5','4','2','Luis');
Insert into PROYECTOBD2.VW_ESTUDIANTES_GRUPO (IDGRUPO,IDCURSO,IDDOCENTE,IDALUMNO,NOMBREALUMNO) values ('2','2','2','3','Pedro');
Insert into PROYECTOBD2.VW_ESTUDIANTES_GRUPO (IDGRUPO,IDCURSO,IDDOCENTE,IDALUMNO,NOMBREALUMNO) values ('6','6','5','3','Pedro');
commit;
REM INSERTING into PROYECTOBD2.VW_EXAMENES_CREADOS_DOCENTE
SET DEFINE OFF;
Insert into PROYECTOBD2.VW_EXAMENES_CREADOS_DOCENTE (ID_EXAMEN,NOMBRE,DESCRIPCION,CATEGORIA,DURACION,NUM_PREGUNTAS,NUM_PREGUNTAS_ALEATORIAS,UMBRAL_APROBACION,DOCENTES_ID_DOCENTE) values ('1','Examen Álgebra','Examen de álgebra básico','Matemáticas','60','5','3','60','1');
Insert into PROYECTOBD2.VW_EXAMENES_CREADOS_DOCENTE (ID_EXAMEN,NOMBRE,DESCRIPCION,CATEGORIA,DURACION,NUM_PREGUNTAS,NUM_PREGUNTAS_ALEATORIAS,UMBRAL_APROBACION,DOCENTES_ID_DOCENTE) values ('2','Examen Cálculo','Examen de cálculo avanzado','Matemáticas','90','5','3','70','1');
Insert into PROYECTOBD2.VW_EXAMENES_CREADOS_DOCENTE (ID_EXAMEN,NOMBRE,DESCRIPCION,CATEGORIA,DURACION,NUM_PREGUNTAS,NUM_PREGUNTAS_ALEATORIAS,UMBRAL_APROBACION,DOCENTES_ID_DOCENTE) values ('3','Examen Mecánica','Examen de mecánica básico','Física','120','5','4','65','2');
Insert into PROYECTOBD2.VW_EXAMENES_CREADOS_DOCENTE (ID_EXAMEN,NOMBRE,DESCRIPCION,CATEGORIA,DURACION,NUM_PREGUNTAS,NUM_PREGUNTAS_ALEATORIAS,UMBRAL_APROBACION,DOCENTES_ID_DOCENTE) values ('4','Examen Biología','Examen detallado de Biología','Ciencias Naturales','45','5','3','65','1');
Insert into PROYECTOBD2.VW_EXAMENES_CREADOS_DOCENTE (ID_EXAMEN,NOMBRE,DESCRIPCION,CATEGORIA,DURACION,NUM_PREGUNTAS,NUM_PREGUNTAS_ALEATORIAS,UMBRAL_APROBACION,DOCENTES_ID_DOCENTE) values ('5','Examen Química General','Examen detallado de Química General','Ciencias Naturales','60','5','3','60','2');
Insert into PROYECTOBD2.VW_EXAMENES_CREADOS_DOCENTE (ID_EXAMEN,NOMBRE,DESCRIPCION,CATEGORIA,DURACION,NUM_PREGUNTAS,NUM_PREGUNTAS_ALEATORIAS,UMBRAL_APROBACION,DOCENTES_ID_DOCENTE) values ('6','Examen Historia Mundial','Examen detallado de Historia Mundial','Humanidades','90','5','3','70','1');
Insert into PROYECTOBD2.VW_EXAMENES_CREADOS_DOCENTE (ID_EXAMEN,NOMBRE,DESCRIPCION,CATEGORIA,DURACION,NUM_PREGUNTAS,NUM_PREGUNTAS_ALEATORIAS,UMBRAL_APROBACION,DOCENTES_ID_DOCENTE) values ('7','Examen Literatura','Examen detallado de Literatura','Humanidades','75','5','3','65','2');
Insert into PROYECTOBD2.VW_EXAMENES_CREADOS_DOCENTE (ID_EXAMEN,NOMBRE,DESCRIPCION,CATEGORIA,DURACION,NUM_PREGUNTAS,NUM_PREGUNTAS_ALEATORIAS,UMBRAL_APROBACION,DOCENTES_ID_DOCENTE) values ('8','Examen Estadística','Examen detallado de Estadística','Matemáticas','60','5','3','60','1');
Insert into PROYECTOBD2.VW_EXAMENES_CREADOS_DOCENTE (ID_EXAMEN,NOMBRE,DESCRIPCION,CATEGORIA,DURACION,NUM_PREGUNTAS,NUM_PREGUNTAS_ALEATORIAS,UMBRAL_APROBACION,DOCENTES_ID_DOCENTE) values ('9','Examen Filosofía','Examen detallado de Filosofía','Humanidades','45','5','3','70','2');
Insert into PROYECTOBD2.VW_EXAMENES_CREADOS_DOCENTE (ID_EXAMEN,NOMBRE,DESCRIPCION,CATEGORIA,DURACION,NUM_PREGUNTAS,NUM_PREGUNTAS_ALEATORIAS,UMBRAL_APROBACION,DOCENTES_ID_DOCENTE) values ('10','Examen Arte Moderno','Examen detallado de Arte Moderno','Arte','60','5','3','60','1');
Insert into PROYECTOBD2.VW_EXAMENES_CREADOS_DOCENTE (ID_EXAMEN,NOMBRE,DESCRIPCION,CATEGORIA,DURACION,NUM_PREGUNTAS,NUM_PREGUNTAS_ALEATORIAS,UMBRAL_APROBACION,DOCENTES_ID_DOCENTE) values ('11','Examen Física Cuántica','Examen detallado de Física Cuántica','Ciencias','120','5','3','65','2');
Insert into PROYECTOBD2.VW_EXAMENES_CREADOS_DOCENTE (ID_EXAMEN,NOMBRE,DESCRIPCION,CATEGORIA,DURACION,NUM_PREGUNTAS,NUM_PREGUNTAS_ALEATORIAS,UMBRAL_APROBACION,DOCENTES_ID_DOCENTE) values ('12','Examen Ciencias de la Computación','Examen detallado de Ciencias de la Computación','Tecnología','90','5','3','70','1');
Insert into PROYECTOBD2.VW_EXAMENES_CREADOS_DOCENTE (ID_EXAMEN,NOMBRE,DESCRIPCION,CATEGORIA,DURACION,NUM_PREGUNTAS,NUM_PREGUNTAS_ALEATORIAS,UMBRAL_APROBACION,DOCENTES_ID_DOCENTE) values ('13','Examen Economía','Examen detallado de Economía','Ciencias Sociales','60','5','3','60','2');
Insert into PROYECTOBD2.VW_EXAMENES_CREADOS_DOCENTE (ID_EXAMEN,NOMBRE,DESCRIPCION,CATEGORIA,DURACION,NUM_PREGUNTAS,NUM_PREGUNTAS_ALEATORIAS,UMBRAL_APROBACION,DOCENTES_ID_DOCENTE) values ('14','Examen Inteligencia Artificial','Examen detallado de Inteligencia Artificial','Tecnología','75','5','3','65','1');
Insert into PROYECTOBD2.VW_EXAMENES_CREADOS_DOCENTE (ID_EXAMEN,NOMBRE,DESCRIPCION,CATEGORIA,DURACION,NUM_PREGUNTAS,NUM_PREGUNTAS_ALEATORIAS,UMBRAL_APROBACION,DOCENTES_ID_DOCENTE) values ('15','Examen Sociología','Examen detallado de Sociología','Ciencias Sociales','90','5','3','70','2');
Insert into PROYECTOBD2.VW_EXAMENES_CREADOS_DOCENTE (ID_EXAMEN,NOMBRE,DESCRIPCION,CATEGORIA,DURACION,NUM_PREGUNTAS,NUM_PREGUNTAS_ALEATORIAS,UMBRAL_APROBACION,DOCENTES_ID_DOCENTE) values ('16','Examen Psicología','Examen detallado de Psicología','Ciencias Sociales','45','5','3','65','1');
Insert into PROYECTOBD2.VW_EXAMENES_CREADOS_DOCENTE (ID_EXAMEN,NOMBRE,DESCRIPCION,CATEGORIA,DURACION,NUM_PREGUNTAS,NUM_PREGUNTAS_ALEATORIAS,UMBRAL_APROBACION,DOCENTES_ID_DOCENTE) values ('17','Examen Microbiología','Examen detallado de Microbiología','Ciencias Naturales','60','5','3','60','2');
Insert into PROYECTOBD2.VW_EXAMENES_CREADOS_DOCENTE (ID_EXAMEN,NOMBRE,DESCRIPCION,CATEGORIA,DURACION,NUM_PREGUNTAS,NUM_PREGUNTAS_ALEATORIAS,UMBRAL_APROBACION,DOCENTES_ID_DOCENTE) values ('18','Examen Bioquímica','Examen detallado de Bioquímica','Ciencias Naturales','90','5','3','70','1');
Insert into PROYECTOBD2.VW_EXAMENES_CREADOS_DOCENTE (ID_EXAMEN,NOMBRE,DESCRIPCION,CATEGORIA,DURACION,NUM_PREGUNTAS,NUM_PREGUNTAS_ALEATORIAS,UMBRAL_APROBACION,DOCENTES_ID_DOCENTE) values ('19','Examen Antropología','Examen detallado de Antropología','Humanidades','75','5','3','65','2');
Insert into PROYECTOBD2.VW_EXAMENES_CREADOS_DOCENTE (ID_EXAMEN,NOMBRE,DESCRIPCION,CATEGORIA,DURACION,NUM_PREGUNTAS,NUM_PREGUNTAS_ALEATORIAS,UMBRAL_APROBACION,DOCENTES_ID_DOCENTE) values ('20','Examen Astronomía','Examen detallado de Astronomía','Ciencias','60','5','3','60','1');
Insert into PROYECTOBD2.VW_EXAMENES_CREADOS_DOCENTE (ID_EXAMEN,NOMBRE,DESCRIPCION,CATEGORIA,DURACION,NUM_PREGUNTAS,NUM_PREGUNTAS_ALEATORIAS,UMBRAL_APROBACION,DOCENTES_ID_DOCENTE) values ('21','Examen Genética','Examen detallado de Genética','Ciencias Naturales','45','5','3','70','2');
Insert into PROYECTOBD2.VW_EXAMENES_CREADOS_DOCENTE (ID_EXAMEN,NOMBRE,DESCRIPCION,CATEGORIA,DURACION,NUM_PREGUNTAS,NUM_PREGUNTAS_ALEATORIAS,UMBRAL_APROBACION,DOCENTES_ID_DOCENTE) values ('22','Examen Geología','Examen detallado de Geología','Ciencias Naturales','60','5','3','65','1');
Insert into PROYECTOBD2.VW_EXAMENES_CREADOS_DOCENTE (ID_EXAMEN,NOMBRE,DESCRIPCION,CATEGORIA,DURACION,NUM_PREGUNTAS,NUM_PREGUNTAS_ALEATORIAS,UMBRAL_APROBACION,DOCENTES_ID_DOCENTE) values ('23','Examen Ecología','Examen detallado de Ecología','Ciencias Naturales','90','5','3','60','2');
Insert into PROYECTOBD2.VW_EXAMENES_CREADOS_DOCENTE (ID_EXAMEN,NOMBRE,DESCRIPCION,CATEGORIA,DURACION,NUM_PREGUNTAS,NUM_PREGUNTAS_ALEATORIAS,UMBRAL_APROBACION,DOCENTES_ID_DOCENTE) values ('24','Examen Derecho Internacional','Examen detallado de Derecho Internacional','Ciencias Sociales','75','5','3','70','1');
Insert into PROYECTOBD2.VW_EXAMENES_CREADOS_DOCENTE (ID_EXAMEN,NOMBRE,DESCRIPCION,CATEGORIA,DURACION,NUM_PREGUNTAS,NUM_PREGUNTAS_ALEATORIAS,UMBRAL_APROBACION,DOCENTES_ID_DOCENTE) values ('25','Examen Neuropsicología','Examen detallado de Neuropsicología','Ciencias Sociales','120','5','3','65','2');
Insert into PROYECTOBD2.VW_EXAMENES_CREADOS_DOCENTE (ID_EXAMEN,NOMBRE,DESCRIPCION,CATEGORIA,DURACION,NUM_PREGUNTAS,NUM_PREGUNTAS_ALEATORIAS,UMBRAL_APROBACION,DOCENTES_ID_DOCENTE) values ('26','Examen Programación Avanzada','Examen detallado sobre conceptos avanzados de programación.','Tecnología','90','7','3','50','1');
commit;
REM INSERTING into PROYECTOBD2.VW_EXAMENES_PENDIENTES
SET DEFINE OFF;
Insert into PROYECTOBD2.VW_EXAMENES_PENDIENTES (ID_EXAMEN,NOMBRE,DESCRIPCION,ESTUDIANTES_ID_ESTUDIANTE) values ('21','Examen Genética','Examen detallado de Genética','1');
Insert into PROYECTOBD2.VW_EXAMENES_PENDIENTES (ID_EXAMEN,NOMBRE,DESCRIPCION,ESTUDIANTES_ID_ESTUDIANTE) values ('21','Examen Genética','Examen detallado de Genética','3');
Insert into PROYECTOBD2.VW_EXAMENES_PENDIENTES (ID_EXAMEN,NOMBRE,DESCRIPCION,ESTUDIANTES_ID_ESTUDIANTE) values ('1','Examen Álgebra','Examen de álgebra básico','14');
Insert into PROYECTOBD2.VW_EXAMENES_PENDIENTES (ID_EXAMEN,NOMBRE,DESCRIPCION,ESTUDIANTES_ID_ESTUDIANTE) values ('2','Examen Cálculo','Examen de cálculo avanzado','1');
Insert into PROYECTOBD2.VW_EXAMENES_PENDIENTES (ID_EXAMEN,NOMBRE,DESCRIPCION,ESTUDIANTES_ID_ESTUDIANTE) values ('3','Examen Mecánica','Examen de mecánica básico','2');
commit;
REM INSERTING into PROYECTOBD2.VW_INFO_RESPUESTA_ALUMNO
SET DEFINE OFF;
Insert into PROYECTOBD2.VW_INFO_RESPUESTA_ALUMNO (IDEXAMEN,IDPREGUNTA,IDUSUARIO,NOMBREEXAMEN,PREGUNTA,RESPUESTA,TIPOPREGUNTA,CLASIFICACION) values ('1','1','1','Examen Álgebra','¿Cuál es el resultado de 2+2?','4','Selección Múltiple Única Respuesta','Correcta');
Insert into PROYECTOBD2.VW_INFO_RESPUESTA_ALUMNO (IDEXAMEN,IDPREGUNTA,IDUSUARIO,NOMBREEXAMEN,PREGUNTA,RESPUESTA,TIPOPREGUNTA,CLASIFICACION) values ('1','1','2','Examen Álgebra','¿Cuál es el resultado de 2+2?','4','Selección Múltiple Única Respuesta','Correcta');
Insert into PROYECTOBD2.VW_INFO_RESPUESTA_ALUMNO (IDEXAMEN,IDPREGUNTA,IDUSUARIO,NOMBREEXAMEN,PREGUNTA,RESPUESTA,TIPOPREGUNTA,CLASIFICACION) values ('1','1','1','Examen Álgebra','¿Cuál es el resultado de 2+2?','5','Selección Múltiple Única Respuesta','Incorrecta');
Insert into PROYECTOBD2.VW_INFO_RESPUESTA_ALUMNO (IDEXAMEN,IDPREGUNTA,IDUSUARIO,NOMBREEXAMEN,PREGUNTA,RESPUESTA,TIPOPREGUNTA,CLASIFICACION) values ('1','1','2','Examen Álgebra','¿Cuál es el resultado de 2+2?','5','Selección Múltiple Única Respuesta','Incorrecta');
Insert into PROYECTOBD2.VW_INFO_RESPUESTA_ALUMNO (IDEXAMEN,IDPREGUNTA,IDUSUARIO,NOMBREEXAMEN,PREGUNTA,RESPUESTA,TIPOPREGUNTA,CLASIFICACION) values ('1','2','1','Examen Álgebra','¿Cuál es la derivada de x^2?','2x','Selección Múltiple Única Respuesta','Correcta');
Insert into PROYECTOBD2.VW_INFO_RESPUESTA_ALUMNO (IDEXAMEN,IDPREGUNTA,IDUSUARIO,NOMBREEXAMEN,PREGUNTA,RESPUESTA,TIPOPREGUNTA,CLASIFICACION) values ('1','2','2','Examen Álgebra','¿Cuál es la derivada de x^2?','2x','Selección Múltiple Única Respuesta','Correcta');
Insert into PROYECTOBD2.VW_INFO_RESPUESTA_ALUMNO (IDEXAMEN,IDPREGUNTA,IDUSUARIO,NOMBREEXAMEN,PREGUNTA,RESPUESTA,TIPOPREGUNTA,CLASIFICACION) values ('1','2','1','Examen Álgebra','¿Cuál es la derivada de x^2?','x^2','Selección Múltiple Única Respuesta','Incorrecta');
Insert into PROYECTOBD2.VW_INFO_RESPUESTA_ALUMNO (IDEXAMEN,IDPREGUNTA,IDUSUARIO,NOMBREEXAMEN,PREGUNTA,RESPUESTA,TIPOPREGUNTA,CLASIFICACION) values ('1','2','2','Examen Álgebra','¿Cuál es la derivada de x^2?','x^2','Selección Múltiple Única Respuesta','Incorrecta');
Insert into PROYECTOBD2.VW_INFO_RESPUESTA_ALUMNO (IDEXAMEN,IDPREGUNTA,IDUSUARIO,NOMBREEXAMEN,PREGUNTA,RESPUESTA,TIPOPREGUNTA,CLASIFICACION) values ('2','3','3','Examen Cálculo','¿Cuál es la fórmula de la velocidad?','d = m/v','Selección Múltiple Única Respuesta','Incorrecta');
Insert into PROYECTOBD2.VW_INFO_RESPUESTA_ALUMNO (IDEXAMEN,IDPREGUNTA,IDUSUARIO,NOMBREEXAMEN,PREGUNTA,RESPUESTA,TIPOPREGUNTA,CLASIFICACION) values ('2','3','3','Examen Cálculo','¿Cuál es la fórmula de la velocidad?','v = d/t','Selección Múltiple Única Respuesta','Correcta');
Insert into PROYECTOBD2.VW_INFO_RESPUESTA_ALUMNO (IDEXAMEN,IDPREGUNTA,IDUSUARIO,NOMBREEXAMEN,PREGUNTA,RESPUESTA,TIPOPREGUNTA,CLASIFICACION) values ('2','4','3','Examen Cálculo','¿Qué es el flujo magnético?','Cantidad de líneas magnéticas','Selección Múltiple Única Respuesta','Correcta');
Insert into PROYECTOBD2.VW_INFO_RESPUESTA_ALUMNO (IDEXAMEN,IDPREGUNTA,IDUSUARIO,NOMBREEXAMEN,PREGUNTA,RESPUESTA,TIPOPREGUNTA,CLASIFICACION) values ('2','4','3','Examen Cálculo','¿Qué es el flujo magnético?','Carga eléctrica','Selección Múltiple Única Respuesta','Incorrecta');
Insert into PROYECTOBD2.VW_INFO_RESPUESTA_ALUMNO (IDEXAMEN,IDPREGUNTA,IDUSUARIO,NOMBREEXAMEN,PREGUNTA,RESPUESTA,TIPOPREGUNTA,CLASIFICACION) values ('3','5','1','Examen Mecánica','¿Cómo se declara una variable en Python?','variable x = 10','Selección Múltiple Única Respuesta','Correcta');
Insert into PROYECTOBD2.VW_INFO_RESPUESTA_ALUMNO (IDEXAMEN,IDPREGUNTA,IDUSUARIO,NOMBREEXAMEN,PREGUNTA,RESPUESTA,TIPOPREGUNTA,CLASIFICACION) values ('3','5','1','Examen Mecánica','¿Cómo se declara una variable en Python?','var x = 10','Selección Múltiple Única Respuesta','Incorrecta');
commit;
REM INSERTING into PROYECTOBD2.VW_NOTAS_ESTUDIANTE
SET DEFINE OFF;
Insert into PROYECTOBD2.VW_NOTAS_ESTUDIANTE (ID_ESTUDIANTE,NOMBRE_ESTUDIANTE,APELLIDO_ESTUDIANTE,ID_EXAMEN,NOMBRE_EXAMEN,FECHA_PRESENTACION,CALIFICACION,TIEMPO,DIRECCION_IP) values ('1','Ana','Gómez','1','Examen Álgebra',to_timestamp('01/05/24 10:30:00,000000000 AM','DD/MM/RR HH12:MI:SSXFF AM'),'80','50','192.168.1.1');
Insert into PROYECTOBD2.VW_NOTAS_ESTUDIANTE (ID_ESTUDIANTE,NOMBRE_ESTUDIANTE,APELLIDO_ESTUDIANTE,ID_EXAMEN,NOMBRE_EXAMEN,FECHA_PRESENTACION,CALIFICACION,TIEMPO,DIRECCION_IP) values ('1','Ana','Gómez','3','Examen Mecánica',to_timestamp('03/05/24 10:00:00,000000000 AM','DD/MM/RR HH12:MI:SSXFF AM'),'95','65','192.168.1.4');
Insert into PROYECTOBD2.VW_NOTAS_ESTUDIANTE (ID_ESTUDIANTE,NOMBRE_ESTUDIANTE,APELLIDO_ESTUDIANTE,ID_EXAMEN,NOMBRE_EXAMEN,FECHA_PRESENTACION,CALIFICACION,TIEMPO,DIRECCION_IP) values ('2','Luis','Rodríguez','1','Examen Álgebra',to_timestamp('01/05/24 10:30:00,000000000 AM','DD/MM/RR HH12:MI:SSXFF AM'),'90','60','192.168.1.2');
Insert into PROYECTOBD2.VW_NOTAS_ESTUDIANTE (ID_ESTUDIANTE,NOMBRE_ESTUDIANTE,APELLIDO_ESTUDIANTE,ID_EXAMEN,NOMBRE_EXAMEN,FECHA_PRESENTACION,CALIFICACION,TIEMPO,DIRECCION_IP) values ('3','Pedro','Martínez','2','Examen Cálculo',to_timestamp('02/05/24 03:00:00,000000000 PM','DD/MM/RR HH12:MI:SSXFF AM'),'85','70','192.168.1.3');
commit;
REM INSERTING into PROYECTOBD2.VW_PREGUNTAS_PUBLICAS
SET DEFINE OFF;
Insert into PROYECTOBD2.VW_PREGUNTAS_PUBLICAS (ID_PREGUNTA,TEXTO_PREGUNTA,BANCO_PREGUNTAS,TEMA,TIPO_PREGUNTA) values ('1','¿Cuál es el resultado de 2+2?','Banco Álgebra Básico','Álgebra','Selección Múltiple Única Respuesta');
Insert into PROYECTOBD2.VW_PREGUNTAS_PUBLICAS (ID_PREGUNTA,TEXTO_PREGUNTA,BANCO_PREGUNTAS,TEMA,TIPO_PREGUNTA) values ('3','¿Cuál es la fórmula de la velocidad?','Banco Mecánica','Mecánica','Selección Múltiple Única Respuesta');
Insert into PROYECTOBD2.VW_PREGUNTAS_PUBLICAS (ID_PREGUNTA,TEXTO_PREGUNTA,BANCO_PREGUNTAS,TEMA,TIPO_PREGUNTA) values ('5','¿Cómo se declara una variable en Python?','Banco Programación I','Programación','Selección Múltiple Única Respuesta');
commit;
REM INSERTING into PROYECTOBD2.VW_PROFESORES
SET DEFINE OFF;
Insert into PROYECTOBD2.VW_PROFESORES (ID_USUARIO,ID_DOCENTE,NOMBRE_DOCENTE,APELLIDO_DOCENTE,CORREO,TELEFONO) values ('14','10','Francisco','González','profesor10@eduquiz.com','958123463');
Insert into PROYECTOBD2.VW_PROFESORES (ID_USUARIO,ID_DOCENTE,NOMBRE_DOCENTE,APELLIDO_DOCENTE,CORREO,TELEFONO) values ('2','1','Carlos','Valencia','profesor1@eduquiz.com','123456789');
Insert into PROYECTOBD2.VW_PROFESORES (ID_USUARIO,ID_DOCENTE,NOMBRE_DOCENTE,APELLIDO_DOCENTE,CORREO,TELEFONO) values ('3','2','Marlon','Espinosa','profesor2@eduquiz.com','987654321');
Insert into PROYECTOBD2.VW_PROFESORES (ID_USUARIO,ID_DOCENTE,NOMBRE_DOCENTE,APELLIDO_DOCENTE,CORREO,TELEFONO) values ('7','3','Elena','Gutiérrez','profesor3@eduquiz.com','958123456');
Insert into PROYECTOBD2.VW_PROFESORES (ID_USUARIO,ID_DOCENTE,NOMBRE_DOCENTE,APELLIDO_DOCENTE,CORREO,TELEFONO) values ('8','4','Mario','Fernández','profesor4@eduquiz.com','958123457');
Insert into PROYECTOBD2.VW_PROFESORES (ID_USUARIO,ID_DOCENTE,NOMBRE_DOCENTE,APELLIDO_DOCENTE,CORREO,TELEFONO) values ('9','5','Laura','Martínez','profesor5@eduquiz.com','958123458');
Insert into PROYECTOBD2.VW_PROFESORES (ID_USUARIO,ID_DOCENTE,NOMBRE_DOCENTE,APELLIDO_DOCENTE,CORREO,TELEFONO) values ('10','6','Juan','Sánchez','profesor6@eduquiz.com','958123459');
Insert into PROYECTOBD2.VW_PROFESORES (ID_USUARIO,ID_DOCENTE,NOMBRE_DOCENTE,APELLIDO_DOCENTE,CORREO,TELEFONO) values ('11','7','Ana','Ramirez','profesor7@eduquiz.com','958123460');
Insert into PROYECTOBD2.VW_PROFESORES (ID_USUARIO,ID_DOCENTE,NOMBRE_DOCENTE,APELLIDO_DOCENTE,CORREO,TELEFONO) values ('12','8','Pablo','García','profesor8@eduquiz.com','958123461');
Insert into PROYECTOBD2.VW_PROFESORES (ID_USUARIO,ID_DOCENTE,NOMBRE_DOCENTE,APELLIDO_DOCENTE,CORREO,TELEFONO) values ('13','9','Carmen','Lopez','profesor9@eduquiz.com','958123462');
commit;
REM INSERTING into PROYECTOBD2.VW_PROMEDIO_NOTA_GRUPO_CURSO
SET DEFINE OFF;
Insert into PROYECTOBD2.VW_PROMEDIO_NOTA_GRUPO_CURSO (IDGRUPO,IDCURSO,PROMEDIO_NOTA) values ('1','1','88,33333333333333333333333333333333333333');
Insert into PROYECTOBD2.VW_PROMEDIO_NOTA_GRUPO_CURSO (IDGRUPO,IDCURSO,PROMEDIO_NOTA) values ('2','2','86,66666666666666666666666666666666666667');
Insert into PROYECTOBD2.VW_PROMEDIO_NOTA_GRUPO_CURSO (IDGRUPO,IDCURSO,PROMEDIO_NOTA) values ('3','3','88,33333333333333333333333333333333333333');
Insert into PROYECTOBD2.VW_PROMEDIO_NOTA_GRUPO_CURSO (IDGRUPO,IDCURSO,PROMEDIO_NOTA) values ('4','4','87,5');
Insert into PROYECTOBD2.VW_PROMEDIO_NOTA_GRUPO_CURSO (IDGRUPO,IDCURSO,PROMEDIO_NOTA) values ('5','5','90');
Insert into PROYECTOBD2.VW_PROMEDIO_NOTA_GRUPO_CURSO (IDGRUPO,IDCURSO,PROMEDIO_NOTA) values ('6','6','85');
commit;
--------------------------------------------------------
--  DDL for Index BANCOS_DE_PREGUNTAS_PK
--------------------------------------------------------

  CREATE UNIQUE INDEX "PROYECTOBD2"."BANCOS_DE_PREGUNTAS_PK" ON "PROYECTOBD2"."BANCOS_DE_PREGUNTAS" ("ID_BANCO_PREGUNTAS") 
  PCTFREE 10 INITRANS 2 MAXTRANS 255 COMPUTE STATISTICS 
  STORAGE(INITIAL 65536 NEXT 1048576 MINEXTENTS 1 MAXEXTENTS 2147483645
  PCTINCREASE 0 FREELISTS 1 FREELIST GROUPS 1
  BUFFER_POOL DEFAULT FLASH_CACHE DEFAULT CELL_FLASH_CACHE DEFAULT)
  TABLESPACE "USERS" ;
--------------------------------------------------------
--  DDL for Index CONTENIDOS_PK
--------------------------------------------------------

  CREATE UNIQUE INDEX "PROYECTOBD2"."CONTENIDOS_PK" ON "PROYECTOBD2"."CONTENIDOS" ("ID_CONTENIDO") 
  PCTFREE 10 INITRANS 2 MAXTRANS 255 COMPUTE STATISTICS 
  TABLESPACE "USERS" ;
--------------------------------------------------------
--  DDL for Index CURSOS_PK
--------------------------------------------------------

  CREATE UNIQUE INDEX "PROYECTOBD2"."CURSOS_PK" ON "PROYECTOBD2"."CURSOS" ("ID_CURSO") 
  PCTFREE 10 INITRANS 2 MAXTRANS 255 COMPUTE STATISTICS 
  STORAGE(INITIAL 65536 NEXT 1048576 MINEXTENTS 1 MAXEXTENTS 2147483645
  PCTINCREASE 0 FREELISTS 1 FREELIST GROUPS 1
  BUFFER_POOL DEFAULT FLASH_CACHE DEFAULT CELL_FLASH_CACHE DEFAULT)
  TABLESPACE "USERS" ;
--------------------------------------------------------
--  DDL for Index DOCENTES__IDX
--------------------------------------------------------

  CREATE UNIQUE INDEX "PROYECTOBD2"."DOCENTES__IDX" ON "PROYECTOBD2"."DOCENTES" ("USUARIOS_ID_USUARIO") 
  PCTFREE 10 INITRANS 2 MAXTRANS 255 COMPUTE STATISTICS 
  STORAGE(INITIAL 65536 NEXT 1048576 MINEXTENTS 1 MAXEXTENTS 2147483645
  PCTINCREASE 0 FREELISTS 1 FREELIST GROUPS 1
  BUFFER_POOL DEFAULT FLASH_CACHE DEFAULT CELL_FLASH_CACHE DEFAULT)
  TABLESPACE "USERS" ;
--------------------------------------------------------
--  DDL for Index DOCENTES_PK
--------------------------------------------------------

  CREATE UNIQUE INDEX "PROYECTOBD2"."DOCENTES_PK" ON "PROYECTOBD2"."DOCENTES" ("ID_DOCENTE") 
  PCTFREE 10 INITRANS 2 MAXTRANS 255 COMPUTE STATISTICS 
  STORAGE(INITIAL 65536 NEXT 1048576 MINEXTENTS 1 MAXEXTENTS 2147483645
  PCTINCREASE 0 FREELISTS 1 FREELIST GROUPS 1
  BUFFER_POOL DEFAULT FLASH_CACHE DEFAULT CELL_FLASH_CACHE DEFAULT)
  TABLESPACE "USERS" ;
--------------------------------------------------------
--  DDL for Index ESTUDIANTES__IDX
--------------------------------------------------------

  CREATE UNIQUE INDEX "PROYECTOBD2"."ESTUDIANTES__IDX" ON "PROYECTOBD2"."ESTUDIANTES" ("USUARIOS_ID_USUARIO") 
  PCTFREE 10 INITRANS 2 MAXTRANS 255 COMPUTE STATISTICS 
  STORAGE(INITIAL 65536 NEXT 1048576 MINEXTENTS 1 MAXEXTENTS 2147483645
  PCTINCREASE 0 FREELISTS 1 FREELIST GROUPS 1
  BUFFER_POOL DEFAULT FLASH_CACHE DEFAULT CELL_FLASH_CACHE DEFAULT)
  TABLESPACE "USERS" ;
--------------------------------------------------------
--  DDL for Index ESTUDIANTES_INSCRITOS_PK
--------------------------------------------------------

  CREATE UNIQUE INDEX "PROYECTOBD2"."ESTUDIANTES_INSCRITOS_PK" ON "PROYECTOBD2"."ESTUDIANTES_INSCRITOS" ("ESTUDIANTES_ID_ESTUDIANTE", "GRUPOS_ID_GRUPO") 
  PCTFREE 10 INITRANS 2 MAXTRANS 255 COMPUTE STATISTICS 
  STORAGE(INITIAL 65536 NEXT 1048576 MINEXTENTS 1 MAXEXTENTS 2147483645
  PCTINCREASE 0 FREELISTS 1 FREELIST GROUPS 1
  BUFFER_POOL DEFAULT FLASH_CACHE DEFAULT CELL_FLASH_CACHE DEFAULT)
  TABLESPACE "USERS" ;
--------------------------------------------------------
--  DDL for Index ESTUDIANTES_PK
--------------------------------------------------------

  CREATE UNIQUE INDEX "PROYECTOBD2"."ESTUDIANTES_PK" ON "PROYECTOBD2"."ESTUDIANTES" ("ID_ESTUDIANTE") 
  PCTFREE 10 INITRANS 2 MAXTRANS 255 COMPUTE STATISTICS 
  STORAGE(INITIAL 65536 NEXT 1048576 MINEXTENTS 1 MAXEXTENTS 2147483645
  PCTINCREASE 0 FREELISTS 1 FREELIST GROUPS 1
  BUFFER_POOL DEFAULT FLASH_CACHE DEFAULT CELL_FLASH_CACHE DEFAULT)
  TABLESPACE "USERS" ;
--------------------------------------------------------
--  DDL for Index EXAMENES_ASIGNADOS_PK
--------------------------------------------------------

  CREATE UNIQUE INDEX "PROYECTOBD2"."EXAMENES_ASIGNADOS_PK" ON "PROYECTOBD2"."EXAMENES_ASIGNADOS" ("EXAMENES_ID_EXAMEN", "GRUPOS_ID_GRUPO") 
  PCTFREE 10 INITRANS 2 MAXTRANS 255 COMPUTE STATISTICS 
  STORAGE(INITIAL 65536 NEXT 1048576 MINEXTENTS 1 MAXEXTENTS 2147483645
  PCTINCREASE 0 FREELISTS 1 FREELIST GROUPS 1
  BUFFER_POOL DEFAULT FLASH_CACHE DEFAULT CELL_FLASH_CACHE DEFAULT)
  TABLESPACE "USERS" ;
--------------------------------------------------------
--  DDL for Index EXAMENES_BANCOS_PK
--------------------------------------------------------

  CREATE UNIQUE INDEX "PROYECTOBD2"."EXAMENES_BANCOS_PK" ON "PROYECTOBD2"."EXAMENES_BANCOS" ("EXAMENES_ID_EXAMEN", "BANCOS_DE_PREGUNTAS_ID_BANCO") 
  PCTFREE 10 INITRANS 2 MAXTRANS 255 COMPUTE STATISTICS 
  TABLESPACE "USERS" ;
--------------------------------------------------------
--  DDL for Index EXAMENES_PK
--------------------------------------------------------

  CREATE UNIQUE INDEX "PROYECTOBD2"."EXAMENES_PK" ON "PROYECTOBD2"."EXAMENES" ("ID_EXAMEN") 
  PCTFREE 10 INITRANS 2 MAXTRANS 255 COMPUTE STATISTICS 
  STORAGE(INITIAL 65536 NEXT 1048576 MINEXTENTS 1 MAXEXTENTS 2147483645
  PCTINCREASE 0 FREELISTS 1 FREELIST GROUPS 1
  BUFFER_POOL DEFAULT FLASH_CACHE DEFAULT CELL_FLASH_CACHE DEFAULT)
  TABLESPACE "USERS" ;
--------------------------------------------------------
--  DDL for Index EXAMENES_PREGUNTAS_PK
--------------------------------------------------------

  CREATE UNIQUE INDEX "PROYECTOBD2"."EXAMENES_PREGUNTAS_PK" ON "PROYECTOBD2"."EXAMENES_PREGUNTAS" ("EXAMENES_ID_EXAMEN", "PREGUNTAS_ID_PREGUNTA") 
  PCTFREE 10 INITRANS 2 MAXTRANS 255 COMPUTE STATISTICS 
  STORAGE(INITIAL 65536 NEXT 1048576 MINEXTENTS 1 MAXEXTENTS 2147483645
  PCTINCREASE 0 FREELISTS 1 FREELIST GROUPS 1
  BUFFER_POOL DEFAULT FLASH_CACHE DEFAULT CELL_FLASH_CACHE DEFAULT)
  TABLESPACE "USERS" ;
--------------------------------------------------------
--  DDL for Index EXAMENES_PRESENTADOS_PK
--------------------------------------------------------

  CREATE UNIQUE INDEX "PROYECTOBD2"."EXAMENES_PRESENTADOS_PK" ON "PROYECTOBD2"."EXAMENES_PRESENTADOS" ("ID_EXAMEN_PRESENTADO") 
  PCTFREE 10 INITRANS 2 MAXTRANS 255 COMPUTE STATISTICS 
  STORAGE(INITIAL 65536 NEXT 1048576 MINEXTENTS 1 MAXEXTENTS 2147483645
  PCTINCREASE 0 FREELISTS 1 FREELIST GROUPS 1
  BUFFER_POOL DEFAULT FLASH_CACHE DEFAULT CELL_FLASH_CACHE DEFAULT)
  TABLESPACE "USERS" ;
--------------------------------------------------------
--  DDL for Index GRUPOS_PK
--------------------------------------------------------

  CREATE UNIQUE INDEX "PROYECTOBD2"."GRUPOS_PK" ON "PROYECTOBD2"."GRUPOS" ("ID_GRUPO") 
  PCTFREE 10 INITRANS 2 MAXTRANS 255 COMPUTE STATISTICS 
  STORAGE(INITIAL 65536 NEXT 1048576 MINEXTENTS 1 MAXEXTENTS 2147483645
  PCTINCREASE 0 FREELISTS 1 FREELIST GROUPS 1
  BUFFER_POOL DEFAULT FLASH_CACHE DEFAULT CELL_FLASH_CACHE DEFAULT)
  TABLESPACE "USERS" ;
--------------------------------------------------------
--  DDL for Index HORARIOS_PK
--------------------------------------------------------

  CREATE UNIQUE INDEX "PROYECTOBD2"."HORARIOS_PK" ON "PROYECTOBD2"."HORARIOS" ("ID_HORARIO") 
  PCTFREE 10 INITRANS 2 MAXTRANS 255 COMPUTE STATISTICS 
  STORAGE(INITIAL 65536 NEXT 1048576 MINEXTENTS 1 MAXEXTENTS 2147483645
  PCTINCREASE 0 FREELISTS 1 FREELIST GROUPS 1
  BUFFER_POOL DEFAULT FLASH_CACHE DEFAULT CELL_FLASH_CACHE DEFAULT)
  TABLESPACE "USERS" ;
--------------------------------------------------------
--  DDL for Index OPCIONES_PREGUNTA_PK
--------------------------------------------------------

  CREATE UNIQUE INDEX "PROYECTOBD2"."OPCIONES_PREGUNTA_PK" ON "PROYECTOBD2"."OPCIONES_PREGUNTA" ("ID_OPCION") 
  PCTFREE 10 INITRANS 2 MAXTRANS 255 COMPUTE STATISTICS 
  STORAGE(INITIAL 65536 NEXT 1048576 MINEXTENTS 1 MAXEXTENTS 2147483645
  PCTINCREASE 0 FREELISTS 1 FREELIST GROUPS 1
  BUFFER_POOL DEFAULT FLASH_CACHE DEFAULT CELL_FLASH_CACHE DEFAULT)
  TABLESPACE "USERS" ;
--------------------------------------------------------
--  DDL for Index PREGUNTAS_BANCOS_PK
--------------------------------------------------------

  CREATE UNIQUE INDEX "PROYECTOBD2"."PREGUNTAS_BANCOS_PK" ON "PROYECTOBD2"."PREGUNTAS_BANCOS" ("BANCOS_DE_PREGUNTAS_ID_BANCO", "PREGUNTAS_ID_PREGUNTA") 
  PCTFREE 10 INITRANS 2 MAXTRANS 255 COMPUTE STATISTICS 
  STORAGE(INITIAL 65536 NEXT 1048576 MINEXTENTS 1 MAXEXTENTS 2147483645
  PCTINCREASE 0 FREELISTS 1 FREELIST GROUPS 1
  BUFFER_POOL DEFAULT FLASH_CACHE DEFAULT CELL_FLASH_CACHE DEFAULT)
  TABLESPACE "USERS" ;
--------------------------------------------------------
--  DDL for Index PREGUNTAS_PK
--------------------------------------------------------

  CREATE UNIQUE INDEX "PROYECTOBD2"."PREGUNTAS_PK" ON "PROYECTOBD2"."PREGUNTAS" ("ID_PREGUNTA") 
  PCTFREE 10 INITRANS 2 MAXTRANS 255 COMPUTE STATISTICS 
  STORAGE(INITIAL 65536 NEXT 1048576 MINEXTENTS 1 MAXEXTENTS 2147483645
  PCTINCREASE 0 FREELISTS 1 FREELIST GROUPS 1
  BUFFER_POOL DEFAULT FLASH_CACHE DEFAULT CELL_FLASH_CACHE DEFAULT)
  TABLESPACE "USERS" ;
--------------------------------------------------------
--  DDL for Index RESPUESTAS_ESTUDIANTES_PK
--------------------------------------------------------

  CREATE UNIQUE INDEX "PROYECTOBD2"."RESPUESTAS_ESTUDIANTES_PK" ON "PROYECTOBD2"."RESPUESTAS_ESTUDIANTES" ("PREGUNTAS_ID_PREGUNTA", "OPCIONES_PREGUNTA_ID_OPCION", "EXAM_PRESENTADOS_ID_EXAM_PRES") 
  PCTFREE 10 INITRANS 2 MAXTRANS 255 COMPUTE STATISTICS 
  STORAGE(INITIAL 65536 NEXT 1048576 MINEXTENTS 1 MAXEXTENTS 2147483645
  PCTINCREASE 0 FREELISTS 1 FREELIST GROUPS 1
  BUFFER_POOL DEFAULT FLASH_CACHE DEFAULT CELL_FLASH_CACHE DEFAULT)
  TABLESPACE "USERS" ;
--------------------------------------------------------
--  DDL for Index ROLES_PK
--------------------------------------------------------

  CREATE UNIQUE INDEX "PROYECTOBD2"."ROLES_PK" ON "PROYECTOBD2"."ROLES" ("ID_ROLE") 
  PCTFREE 10 INITRANS 2 MAXTRANS 255 COMPUTE STATISTICS 
  STORAGE(INITIAL 65536 NEXT 1048576 MINEXTENTS 1 MAXEXTENTS 2147483645
  PCTINCREASE 0 FREELISTS 1 FREELIST GROUPS 1
  BUFFER_POOL DEFAULT FLASH_CACHE DEFAULT CELL_FLASH_CACHE DEFAULT)
  TABLESPACE "USERS" ;
--------------------------------------------------------
--  DDL for Index TEMAS_PK
--------------------------------------------------------

  CREATE UNIQUE INDEX "PROYECTOBD2"."TEMAS_PK" ON "PROYECTOBD2"."TEMAS" ("ID_TEMA") 
  PCTFREE 10 INITRANS 2 MAXTRANS 255 COMPUTE STATISTICS 
  STORAGE(INITIAL 65536 NEXT 1048576 MINEXTENTS 1 MAXEXTENTS 2147483645
  PCTINCREASE 0 FREELISTS 1 FREELIST GROUPS 1
  BUFFER_POOL DEFAULT FLASH_CACHE DEFAULT CELL_FLASH_CACHE DEFAULT)
  TABLESPACE "USERS" ;
--------------------------------------------------------
--  DDL for Index TIPO_PREGUNTA_PK
--------------------------------------------------------

  CREATE UNIQUE INDEX "PROYECTOBD2"."TIPO_PREGUNTA_PK" ON "PROYECTOBD2"."TIPO_PREGUNTA" ("ID_TIPO") 
  PCTFREE 10 INITRANS 2 MAXTRANS 255 COMPUTE STATISTICS 
  STORAGE(INITIAL 65536 NEXT 1048576 MINEXTENTS 1 MAXEXTENTS 2147483645
  PCTINCREASE 0 FREELISTS 1 FREELIST GROUPS 1
  BUFFER_POOL DEFAULT FLASH_CACHE DEFAULT CELL_FLASH_CACHE DEFAULT)
  TABLESPACE "USERS" ;
--------------------------------------------------------
--  DDL for Index UNIDADES_PK
--------------------------------------------------------

  CREATE UNIQUE INDEX "PROYECTOBD2"."UNIDADES_PK" ON "PROYECTOBD2"."UNIDADES" ("ID_UNIDAD") 
  PCTFREE 10 INITRANS 2 MAXTRANS 255 COMPUTE STATISTICS 
  TABLESPACE "USERS" ;
--------------------------------------------------------
--  DDL for Index USUARIOS_PK
--------------------------------------------------------

  CREATE UNIQUE INDEX "PROYECTOBD2"."USUARIOS_PK" ON "PROYECTOBD2"."USUARIOS" ("ID_USUARIO") 
  PCTFREE 10 INITRANS 2 MAXTRANS 255 COMPUTE STATISTICS 
  STORAGE(INITIAL 65536 NEXT 1048576 MINEXTENTS 1 MAXEXTENTS 2147483645
  PCTINCREASE 0 FREELISTS 1 FREELIST GROUPS 1
  BUFFER_POOL DEFAULT FLASH_CACHE DEFAULT CELL_FLASH_CACHE DEFAULT)
  TABLESPACE "USERS" ;
--------------------------------------------------------
--  DDL for Index USUARIOS__UN
--------------------------------------------------------

  CREATE UNIQUE INDEX "PROYECTOBD2"."USUARIOS__UN" ON "PROYECTOBD2"."USUARIOS" ("CORREO") 
  PCTFREE 10 INITRANS 2 MAXTRANS 255 COMPUTE STATISTICS 
  STORAGE(INITIAL 65536 NEXT 1048576 MINEXTENTS 1 MAXEXTENTS 2147483645
  PCTINCREASE 0 FREELISTS 1 FREELIST GROUPS 1
  BUFFER_POOL DEFAULT FLASH_CACHE DEFAULT CELL_FLASH_CACHE DEFAULT)
  TABLESPACE "USERS" ;
--------------------------------------------------------
--  DDL for Trigger TRG_ACTUALIZAR_NUM_PREGUNTAS_EXAMEN
--------------------------------------------------------

  CREATE OR REPLACE NONEDITIONABLE TRIGGER "PROYECTOBD2"."TRG_ACTUALIZAR_NUM_PREGUNTAS_EXAMEN" 
AFTER INSERT OR DELETE ON EXAMENES_PREGUNTAS
FOR EACH ROW
DECLARE
    v_num_preguntas NUMBER;
    v_num_preguntas_aleatorias NUMBER;
BEGIN
    -- Contar el número de preguntas en EXAMENES_PREGUNTAS
    SELECT COUNT(*) INTO v_num_preguntas
    FROM EXAMENES_PREGUNTAS
    WHERE EXAMENES_ID_EXAMEN = :NEW.EXAMENES_ID_EXAMEN;

    -- Obtener el número de preguntas aleatorias de la tabla EXAMENES
    SELECT NUM_PREGUNTAS_ALEATORIAS INTO v_num_preguntas_aleatorias
    FROM EXAMENES
    WHERE ID_EXAMEN = :NEW.EXAMENES_ID_EXAMEN;

    -- Actualizar el número total de preguntas en la tabla EXAMENES
    UPDATE EXAMENES
    SET NUM_PREGUNTAS = v_num_preguntas + v_num_preguntas_aleatorias
    WHERE ID_EXAMEN = :NEW.EXAMENES_ID_EXAMEN;
END;
/
ALTER TRIGGER "PROYECTOBD2"."TRG_ACTUALIZAR_NUM_PREGUNTAS_EXAMEN" ENABLE;
--------------------------------------------------------
--  DDL for Trigger TRG_PREVENIR_INSCRIPCION_MULTIPLE
--------------------------------------------------------

  CREATE OR REPLACE NONEDITIONABLE TRIGGER "PROYECTOBD2"."TRG_PREVENIR_INSCRIPCION_MULTIPLE" 
BEFORE INSERT ON ESTUDIANTES_INSCRITOS
FOR EACH ROW
DECLARE
    v_count NUMBER;
BEGIN
    SELECT COUNT(*) INTO v_count
    FROM ESTUDIANTES_INSCRITOS ei
    JOIN GRUPOS g ON ei.GRUPOS_ID_GRUPO = g.ID_GRUPO
    WHERE ei.ESTUDIANTES_ID_ESTUDIANTE = :NEW.ESTUDIANTES_ID_ESTUDIANTE
      AND g.CURSOS_ID_CURSO = (SELECT CURSOS_ID_CURSO FROM GRUPOS WHERE ID_GRUPO = :NEW.GRUPOS_ID_GRUPO);

    IF v_count > 0 THEN
        RAISE_APPLICATION_ERROR(-20007, 'El estudiante ya está inscrito en otro grupo para el mismo curso');
    END IF;
END;

/
ALTER TRIGGER "PROYECTOBD2"."TRG_PREVENIR_INSCRIPCION_MULTIPLE" ENABLE;
--------------------------------------------------------
--  DDL for Trigger TRG_PREVENIR_MODIFICACION_EXAMEN_ASIGNADO
--------------------------------------------------------

  CREATE OR REPLACE NONEDITIONABLE TRIGGER "PROYECTOBD2"."TRG_PREVENIR_MODIFICACION_EXAMEN_ASIGNADO" 
BEFORE UPDATE ON EXAMENES
FOR EACH ROW
DECLARE
    v_count NUMBER;
BEGIN
    -- Comprobar si el examen ha sido asignado y tiene respuestas
    SELECT COUNT(*) INTO v_count
    FROM EXAMENES_PRESENTADOS ep
    JOIN RESPUESTAS_ESTUDIANTES re ON ep.ID_EXAMEN_PRESENTADO = re.EXAM_PRESENTADOS_ID_EXAM_PRES
    WHERE ep.EXAM_ASIGNADOS_EXAM_ID_EXAM = :OLD.ID_EXAMEN;

    IF v_count > 0 THEN
        RAISE_APPLICATION_ERROR(-20004, 'No se puede modificar el examen porque ya ha sido asignado y tiene respuestas');
    END IF;
END;

/
ALTER TRIGGER "PROYECTOBD2"."TRG_PREVENIR_MODIFICACION_EXAMEN_ASIGNADO" ENABLE;
--------------------------------------------------------
--  DDL for Trigger TRG_VALIDAR_CALIFICACION_MAXIMA
--------------------------------------------------------

  CREATE OR REPLACE NONEDITIONABLE TRIGGER "PROYECTOBD2"."TRG_VALIDAR_CALIFICACION_MAXIMA" 
BEFORE INSERT OR UPDATE ON EXAMENES_PRESENTADOS
FOR EACH ROW
BEGIN
    IF :NEW.CALIFICACION > 100 THEN
        RAISE_APPLICATION_ERROR(-20006, 'La calificación no puede ser mayor a 100');
    END IF;
END;


/
ALTER TRIGGER "PROYECTOBD2"."TRG_VALIDAR_CALIFICACION_MAXIMA" ENABLE;
--------------------------------------------------------
--  DDL for Trigger TRG_VALIDAR_FECHA_ASIGNACION_EXAMEN
--------------------------------------------------------

  CREATE OR REPLACE NONEDITIONABLE TRIGGER "PROYECTOBD2"."TRG_VALIDAR_FECHA_ASIGNACION_EXAMEN" 
BEFORE INSERT OR UPDATE ON EXAMENES_ASIGNADOS
FOR EACH ROW
BEGIN
    IF :NEW.FECHA_INICIO < SYSDATE THEN
        RAISE_APPLICATION_ERROR(-20002, 'La fecha de inicio del examen no puede ser una fecha pasada');
    END IF;

    IF :NEW.FECHA_FIN < :NEW.FECHA_INICIO THEN
        RAISE_APPLICATION_ERROR(-20003, 'La fecha de fin del examen no puede ser anterior a la fecha de inicio');
    END IF;
END;
/
ALTER TRIGGER "PROYECTOBD2"."TRG_VALIDAR_FECHA_ASIGNACION_EXAMEN" ENABLE;
--------------------------------------------------------
--  DDL for Procedure SP_AGREGAR_PREGUNTA_EXAMEN
--------------------------------------------------------
set define off;

  CREATE OR REPLACE NONEDITIONABLE PROCEDURE "PROYECTOBD2"."SP_AGREGAR_PREGUNTA_EXAMEN" (
    p_examen_id IN VARCHAR2,
    p_pregunta_id IN VARCHAR2,
    p_porcentaje IN NUMBER
) AS
BEGIN
    INSERT INTO examenes_preguntas (examenes_id_examen, preguntas_id_pregunta, porcentaje)
    VALUES (p_examen_id, p_pregunta_id, p_porcentaje);
END sp_agregar_pregunta_examen;

/
--------------------------------------------------------
--  DDL for Procedure SP_ASIGNAR_CALIFICACION
--------------------------------------------------------
set define off;

  CREATE OR REPLACE NONEDITIONABLE PROCEDURE "PROYECTOBD2"."SP_ASIGNAR_CALIFICACION" (
    p_examen_presentado_id IN VARCHAR2
) AS
    v_calificacion NUMBER;
BEGIN
    -- Obtener la calificación utilizando la función
    v_calificacion := calcular_calificacion(p_examen_presentado_id);

    -- Asignar la calificación al examen presentado
    UPDATE examenes_presentados
    SET calificacion = v_calificacion
    WHERE id_examen_presentado = p_examen_presentado_id;
END sp_asignar_calificacion;

/
--------------------------------------------------------
--  DDL for Procedure SP_ASIGNAR_EXAMEN
--------------------------------------------------------
set define off;

  CREATE OR REPLACE NONEDITIONABLE PROCEDURE "PROYECTOBD2"."SP_ASIGNAR_EXAMEN" (
    p_examen_id IN VARCHAR2,
    p_grupo_id IN VARCHAR2,
    p_fecha_inicio IN TIMESTAMP,
    p_fecha_fin IN TIMESTAMP,
    p_peso IN NUMBER
) AS
BEGIN
    INSERT INTO examenes_asignados (examenes_id_examen, grupos_id_grupo, fecha_inicio, fecha_fin, peso)
    VALUES (p_examen_id, p_grupo_id, p_fecha_inicio, p_fecha_fin, p_peso);
END sp_asignar_examen;

/
--------------------------------------------------------
--  DDL for Procedure SP_ASIGNAR_PREGUNTA_BANCO
--------------------------------------------------------
set define off;

  CREATE OR REPLACE NONEDITIONABLE PROCEDURE "PROYECTOBD2"."SP_ASIGNAR_PREGUNTA_BANCO" (
    p_banco_id IN VARCHAR2,
    p_pregunta_id IN VARCHAR2
) AS
BEGIN
    INSERT INTO preguntas_bancos (bancos_de_preguntas_id_banco, preguntas_id_pregunta)
    VALUES (p_banco_id, p_pregunta_id);
END sp_asignar_pregunta_banco;

/
--------------------------------------------------------
--  DDL for Procedure SP_CREAR_EXAMEN
--------------------------------------------------------
set define off;

  CREATE OR REPLACE NONEDITIONABLE PROCEDURE "PROYECTOBD2"."SP_CREAR_EXAMEN" (
    p_nombre IN VARCHAR2,
    p_descripcion IN VARCHAR2,
    p_categoria IN VARCHAR2,
    p_duracion IN NUMBER,
    p_num_preguntas IN NUMBER,
    p_num_preguntas_aleatorias IN NUMBER,
    p_umbral_aprobacion IN NUMBER,
    p_tema_id IN VARCHAR2,
    p_docente_id IN VARCHAR2,
    p_examen_id OUT VARCHAR2
) AS
BEGIN
    INSERT INTO examenes (
        id_examen, nombre, descripcion, categoria, duracion, num_preguntas,
        num_preguntas_aleatorias, umbral_aprobacion, temas_id_tema, docentes_id_docente
    ) VALUES (
        seq_examen_id.NEXTVAL, p_nombre, p_descripcion, p_categoria, p_duracion, p_num_preguntas,
        p_num_preguntas_aleatorias, p_umbral_aprobacion, p_tema_id, p_docente_id
    )
    RETURNING id_examen INTO p_examen_id;

END sp_crear_examen;

/
--------------------------------------------------------
--  DDL for Procedure SP_CREAR_PREGUNTA
--------------------------------------------------------
set define off;

  CREATE OR REPLACE NONEDITIONABLE PROCEDURE "PROYECTOBD2"."SP_CREAR_PREGUNTA" (
    p_texto IN VARCHAR2,
    p_tipo_pregunta_id IN NUMBER,
    p_duracion IN NUMBER,
    p_privada IN CHAR,
    p_preguntas_id_pregunta IN VARCHAR2,
    p_pregunta_id OUT NUMBER
) AS
BEGIN
    INSERT INTO preguntas (
        id_pregunta, texto_pregunta, tipo_pregunta_id_tipo, duracion, privada, preguntas_id_pregunta
    ) VALUES (
        seq_pregunta_id.nextval, p_texto, p_tipo_pregunta_id, p_duracion, p_privada, p_preguntas_id_pregunta
    )RETURNING id_pregunta INTO p_pregunta_id;
END sp_crear_pregunta;

/
--------------------------------------------------------
--  DDL for Procedure SP_OBTENER_PREGUNTAS_EXAMEN
--------------------------------------------------------
set define off;

  CREATE OR REPLACE NONEDITIONABLE PROCEDURE "PROYECTOBD2"."SP_OBTENER_PREGUNTAS_EXAMEN" (
    p_examen_id IN VARCHAR2,
    p_result OUT SYS_REFCURSOR
) AS
BEGIN
    OPEN p_result FOR
    WITH preguntas_examen AS (
        SELECT p.id_pregunta, p.texto_pregunta, p.duracion, ep.porcentaje, p.privada, 
               p.preguntas_id_pregunta, p.tipo_pregunta_id_tipo, op.id_opcion, op.texto_opcion, 
               op.es_correcta
        FROM preguntas p
        LEFT JOIN opciones_pregunta op ON p.id_pregunta = op.preguntas_id_pregunta
        JOIN examenes_preguntas ep ON p.id_pregunta = ep.preguntas_id_pregunta
        WHERE ep.examenes_id_examen = p_examen_id
    ),
    preguntas_aleatorias AS (
        SELECT p.id_pregunta, p.texto_pregunta, p.duracion, 0 AS porcentaje, p.privada, 
               p.preguntas_id_pregunta, p.tipo_pregunta_id_tipo, op.id_opcion, op.texto_opcion, 
               op.es_correcta
        FROM preguntas p
        LEFT JOIN opciones_pregunta op ON p.id_pregunta = op.preguntas_id_pregunta
        JOIN preguntas_bancos pb ON p.id_pregunta = pb.preguntas_id_pregunta
        JOIN bancos_de_preguntas bp ON pb.bancos_de_preguntas_id_banco = bp.id_banco_preguntas
        JOIN examenes e ON e.temas_id_tema = bp.temas_id_tema
        WHERE e.id_examen = p_examen_id
          AND p.id_pregunta NOT IN (
              SELECT p.id_pregunta
              FROM preguntas p
              JOIN examenes_preguntas ep ON p.id_pregunta = ep.preguntas_id_pregunta
              WHERE ep.examenes_id_examen = p_examen_id
          )
        ORDER BY DBMS_RANDOM.VALUE
        FETCH FIRST (SELECT num_preguntas_aleatorias FROM examenes WHERE id_examen = p_examen_id) ROWS ONLY
    )
    SELECT * FROM preguntas_examen
    UNION ALL
    SELECT * FROM preguntas_aleatorias;
END sp_obtener_preguntas_examen;

/
--------------------------------------------------------
--  DDL for Procedure SP_REGISTRAR_RESPUESTA
--------------------------------------------------------
set define off;

  CREATE OR REPLACE NONEDITIONABLE PROCEDURE "PROYECTOBD2"."SP_REGISTRAR_RESPUESTA" (
    p_examen_presentado_id IN VARCHAR2,
    p_pregunta_id IN VARCHAR2,
    p_opcion_id IN VARCHAR2
) AS
BEGIN
    INSERT INTO respuestas_estudiantes (exam_presentados_id_exam_pres, preguntas_id_pregunta, opciones_pregunta_id_opcion)
    VALUES (p_examen_presentado_id, p_pregunta_id, p_opcion_id);
END sp_registrar_respuesta;

/
--------------------------------------------------------
--  DDL for Procedure SP_REGISTRAR_USUARIO
--------------------------------------------------------
set define off;

  CREATE OR REPLACE NONEDITIONABLE PROCEDURE "PROYECTOBD2"."SP_REGISTRAR_USUARIO" (
    p_correo IN VARCHAR2,
    p_clave IN VARCHAR2,
    p_rol IN VARCHAR2,
    p_nombres IN VARCHAR2,
    p_apellidos IN VARCHAR2,
    p_telefono IN VARCHAR2
) AS
BEGIN
    -- Insertar en la tabla Usuarios
    INSERT INTO usuarios (id_usuario, correo, clave, roles_id_role)
    VALUES (seq_usuario_id.NEXTVAL, p_correo, p_clave, p_rol);
    
    IF p_rol = 2 THEN
        -- Insertar en la tabla Docentes
        INSERT INTO Docentes (id_docente, nombres, apellidos, telefono, Usuarios_id_usuario)
        VALUES (seq_docente_id.NEXTVAL, p_nombres, p_apellidos, p_telefono, seq_usuario_id.CURRVAL);
    ELSIF p_rol = 3 THEN
        -- Insertar en la tabla Estudiantes
        INSERT INTO Estudiantes (id_estudiante, nombres, apellidos, telefono, Usuarios_id_usuario)
        VALUES (seq_estudiante_id.NEXTVAL, p_nombres, p_apellidos, p_telefono, seq_usuario_id.CURRVAL);
    END IF;
END sp_registrar_usuario;

/
--------------------------------------------------------
--  DDL for Function AUTENTICAR_USUARIO
--------------------------------------------------------

  CREATE OR REPLACE NONEDITIONABLE FUNCTION "PROYECTOBD2"."AUTENTICAR_USUARIO" (
    p_correo IN VARCHAR2,
    p_clave IN VARCHAR2
) RETURN VARCHAR2 IS
    v_id_usuario VARCHAR2(20);
BEGIN
    SELECT id_usuario
    INTO v_id_usuario
    FROM usuarios
    WHERE correo = p_correo AND clave = p_clave;

    RETURN v_id_usuario;
EXCEPTION
    WHEN NO_DATA_FOUND THEN
        RETURN NULL;
END autenticar_usuario;

/
--------------------------------------------------------
--  DDL for Function CALCULAR_CALIFICACION
--------------------------------------------------------

  CREATE OR REPLACE NONEDITIONABLE FUNCTION "PROYECTOBD2"."CALCULAR_CALIFICACION" (
    p_examen_presentado_id IN VARCHAR2
) RETURN NUMBER IS
    v_calificacion_ponderada NUMBER := 0;
    v_calificacion_simple NUMBER := 0;
    v_total_ponderado NUMBER := 0;
    v_total_simple NUMBER := 0;
BEGIN
    -- Calcular la calificación para preguntas con porcentaje asignado
    SELECT COALESCE(SUM(CASE WHEN r.es_correcta = 'Y' THEN ep.porcentaje ELSE 0 END), 0)
    INTO v_calificacion_ponderada
    FROM respuestas_estudiantes re
    JOIN examenes_preguntas ep ON re.preguntas_id_pregunta = ep.preguntas_id_pregunta
    JOIN opciones_pregunta r ON re.opciones_pregunta_id_opcion = r.id_opcion
    WHERE re.exam_presentados_id_exam_pres = p_examen_presentado_id
      AND ep.porcentaje IS NOT NULL;

    -- Calcular el total ponderado (suma de porcentajes de preguntas con porcentaje asignado)
    SELECT COALESCE(SUM(ep.porcentaje), 0)
    INTO v_total_ponderado
    FROM examenes_preguntas ep
    WHERE ep.examenes_id_examen = (
        SELECT examenes_id_examen
        FROM examenes_presentados
        WHERE id_examen_presentado = p_examen_presentado_id
    )
      AND ep.porcentaje IS NOT NULL;

    -- Calcular el número de preguntas sin porcentaje asignado
    SELECT COALESCE(COUNT(*), 0)
    INTO v_total_simple
    FROM respuestas_estudiantes re
    JOIN examenes_preguntas ep ON re.preguntas_id_pregunta = ep.preguntas_id_pregunta
    WHERE re.exam_presentados_id_exam_pres = p_examen_presentado_id
      AND ep.porcentaje IS NULL;

    -- Calcular el puntaje para preguntas sin porcentaje asignado
    SELECT COALESCE(SUM(CASE WHEN r.es_correcta = 'Y' THEN 1 ELSE 0 END), 0)
    INTO v_calificacion_simple
    FROM respuestas_estudiantes re
    JOIN examenes_preguntas ep ON re.preguntas_id_pregunta = ep.preguntas_id_pregunta
    JOIN opciones_pregunta r ON re.opciones_pregunta_id_opcion = r.id_opcion
    WHERE re.exam_presentados_id_exam_pres = p_examen_presentado_id
      AND ep.porcentaje IS NULL;

    -- Calcular la calificación total
    IF v_total_simple > 0 THEN
        v_calificacion_simple := (v_calificacion_simple / v_total_simple) * (100 - v_total_ponderado);
    ELSE
        v_calificacion_simple := 0;
    END IF;

    RETURN 5 * (v_calificacion_ponderada + v_calificacion_simple)/100;
END calcular_calificacion;

/
--------------------------------------------------------
--  Constraints for Table BANCOS_DE_PREGUNTAS
--------------------------------------------------------

  ALTER TABLE "PROYECTOBD2"."BANCOS_DE_PREGUNTAS" MODIFY ("ID_BANCO_PREGUNTAS" NOT NULL ENABLE);
  ALTER TABLE "PROYECTOBD2"."BANCOS_DE_PREGUNTAS" MODIFY ("TEMAS_ID_TEMA" NOT NULL ENABLE);
  ALTER TABLE "PROYECTOBD2"."BANCOS_DE_PREGUNTAS" MODIFY ("DOCENTES_ID_DOCENTE" NOT NULL ENABLE);
  ALTER TABLE "PROYECTOBD2"."BANCOS_DE_PREGUNTAS" ADD CONSTRAINT "BANCOS_DE_PREGUNTAS_PK" PRIMARY KEY ("ID_BANCO_PREGUNTAS")
  USING INDEX PCTFREE 10 INITRANS 2 MAXTRANS 255 COMPUTE STATISTICS 
  STORAGE(INITIAL 65536 NEXT 1048576 MINEXTENTS 1 MAXEXTENTS 2147483645
  PCTINCREASE 0 FREELISTS 1 FREELIST GROUPS 1
  BUFFER_POOL DEFAULT FLASH_CACHE DEFAULT CELL_FLASH_CACHE DEFAULT)
  TABLESPACE "USERS"  ENABLE;
--------------------------------------------------------
--  Constraints for Table CONTENIDOS
--------------------------------------------------------

  ALTER TABLE "PROYECTOBD2"."CONTENIDOS" MODIFY ("ID_CONTENIDO" NOT NULL ENABLE);
  ALTER TABLE "PROYECTOBD2"."CONTENIDOS" MODIFY ("UNIDADES_ID_UNIDAD" NOT NULL ENABLE);
  ALTER TABLE "PROYECTOBD2"."CONTENIDOS" ADD CONSTRAINT "CONTENIDOS_PK" PRIMARY KEY ("ID_CONTENIDO")
  USING INDEX PCTFREE 10 INITRANS 2 MAXTRANS 255 COMPUTE STATISTICS 
  TABLESPACE "USERS"  ENABLE;
--------------------------------------------------------
--  Constraints for Table CURSOS
--------------------------------------------------------

  ALTER TABLE "PROYECTOBD2"."CURSOS" MODIFY ("ID_CURSO" NOT NULL ENABLE);
  ALTER TABLE "PROYECTOBD2"."CURSOS" ADD CONSTRAINT "CURSOS_PK" PRIMARY KEY ("ID_CURSO")
  USING INDEX PCTFREE 10 INITRANS 2 MAXTRANS 255 COMPUTE STATISTICS 
  STORAGE(INITIAL 65536 NEXT 1048576 MINEXTENTS 1 MAXEXTENTS 2147483645
  PCTINCREASE 0 FREELISTS 1 FREELIST GROUPS 1
  BUFFER_POOL DEFAULT FLASH_CACHE DEFAULT CELL_FLASH_CACHE DEFAULT)
  TABLESPACE "USERS"  ENABLE;
--------------------------------------------------------
--  Constraints for Table DOCENTES
--------------------------------------------------------

  ALTER TABLE "PROYECTOBD2"."DOCENTES" MODIFY ("ID_DOCENTE" NOT NULL ENABLE);
  ALTER TABLE "PROYECTOBD2"."DOCENTES" MODIFY ("USUARIOS_ID_USUARIO" NOT NULL ENABLE);
  ALTER TABLE "PROYECTOBD2"."DOCENTES" ADD CONSTRAINT "DOCENTES_PK" PRIMARY KEY ("ID_DOCENTE")
  USING INDEX PCTFREE 10 INITRANS 2 MAXTRANS 255 COMPUTE STATISTICS 
  STORAGE(INITIAL 65536 NEXT 1048576 MINEXTENTS 1 MAXEXTENTS 2147483645
  PCTINCREASE 0 FREELISTS 1 FREELIST GROUPS 1
  BUFFER_POOL DEFAULT FLASH_CACHE DEFAULT CELL_FLASH_CACHE DEFAULT)
  TABLESPACE "USERS"  ENABLE;
--------------------------------------------------------
--  Constraints for Table ESTUDIANTES
--------------------------------------------------------

  ALTER TABLE "PROYECTOBD2"."ESTUDIANTES" MODIFY ("ID_ESTUDIANTE" NOT NULL ENABLE);
  ALTER TABLE "PROYECTOBD2"."ESTUDIANTES" MODIFY ("USUARIOS_ID_USUARIO" NOT NULL ENABLE);
  ALTER TABLE "PROYECTOBD2"."ESTUDIANTES" ADD CONSTRAINT "ESTUDIANTES_PK" PRIMARY KEY ("ID_ESTUDIANTE")
  USING INDEX PCTFREE 10 INITRANS 2 MAXTRANS 255 COMPUTE STATISTICS 
  STORAGE(INITIAL 65536 NEXT 1048576 MINEXTENTS 1 MAXEXTENTS 2147483645
  PCTINCREASE 0 FREELISTS 1 FREELIST GROUPS 1
  BUFFER_POOL DEFAULT FLASH_CACHE DEFAULT CELL_FLASH_CACHE DEFAULT)
  TABLESPACE "USERS"  ENABLE;
--------------------------------------------------------
--  Constraints for Table ESTUDIANTES_INSCRITOS
--------------------------------------------------------

  ALTER TABLE "PROYECTOBD2"."ESTUDIANTES_INSCRITOS" MODIFY ("ESTUDIANTES_ID_ESTUDIANTE" NOT NULL ENABLE);
  ALTER TABLE "PROYECTOBD2"."ESTUDIANTES_INSCRITOS" MODIFY ("GRUPOS_ID_GRUPO" NOT NULL ENABLE);
  ALTER TABLE "PROYECTOBD2"."ESTUDIANTES_INSCRITOS" ADD CONSTRAINT "ESTUDIANTES_INSCRITOS_PK" PRIMARY KEY ("ESTUDIANTES_ID_ESTUDIANTE", "GRUPOS_ID_GRUPO")
  USING INDEX PCTFREE 10 INITRANS 2 MAXTRANS 255 COMPUTE STATISTICS 
  STORAGE(INITIAL 65536 NEXT 1048576 MINEXTENTS 1 MAXEXTENTS 2147483645
  PCTINCREASE 0 FREELISTS 1 FREELIST GROUPS 1
  BUFFER_POOL DEFAULT FLASH_CACHE DEFAULT CELL_FLASH_CACHE DEFAULT)
  TABLESPACE "USERS"  ENABLE;
--------------------------------------------------------
--  Constraints for Table EXAMENES
--------------------------------------------------------

  ALTER TABLE "PROYECTOBD2"."EXAMENES" MODIFY ("ID_EXAMEN" NOT NULL ENABLE);
  ALTER TABLE "PROYECTOBD2"."EXAMENES" MODIFY ("NUM_PREGUNTAS" NOT NULL ENABLE);
  ALTER TABLE "PROYECTOBD2"."EXAMENES" MODIFY ("TEMAS_ID_TEMA" NOT NULL ENABLE);
  ALTER TABLE "PROYECTOBD2"."EXAMENES" MODIFY ("DOCENTES_ID_DOCENTE" NOT NULL ENABLE);
  ALTER TABLE "PROYECTOBD2"."EXAMENES" ADD CONSTRAINT "EXAMENES_PK" PRIMARY KEY ("ID_EXAMEN")
  USING INDEX PCTFREE 10 INITRANS 2 MAXTRANS 255 COMPUTE STATISTICS 
  STORAGE(INITIAL 65536 NEXT 1048576 MINEXTENTS 1 MAXEXTENTS 2147483645
  PCTINCREASE 0 FREELISTS 1 FREELIST GROUPS 1
  BUFFER_POOL DEFAULT FLASH_CACHE DEFAULT CELL_FLASH_CACHE DEFAULT)
  TABLESPACE "USERS"  ENABLE;
--------------------------------------------------------
--  Constraints for Table EXAMENES_ASIGNADOS
--------------------------------------------------------

  ALTER TABLE "PROYECTOBD2"."EXAMENES_ASIGNADOS" MODIFY ("EXAMENES_ID_EXAMEN" NOT NULL ENABLE);
  ALTER TABLE "PROYECTOBD2"."EXAMENES_ASIGNADOS" MODIFY ("GRUPOS_ID_GRUPO" NOT NULL ENABLE);
  ALTER TABLE "PROYECTOBD2"."EXAMENES_ASIGNADOS" MODIFY ("FECHA_INICIO" NOT NULL ENABLE);
  ALTER TABLE "PROYECTOBD2"."EXAMENES_ASIGNADOS" MODIFY ("FECHA_FIN" NOT NULL ENABLE);
  ALTER TABLE "PROYECTOBD2"."EXAMENES_ASIGNADOS" MODIFY ("PESO" NOT NULL ENABLE);
  ALTER TABLE "PROYECTOBD2"."EXAMENES_ASIGNADOS" ADD CONSTRAINT "EXAMENES_ASIGNADOS_PK" PRIMARY KEY ("EXAMENES_ID_EXAMEN", "GRUPOS_ID_GRUPO")
  USING INDEX PCTFREE 10 INITRANS 2 MAXTRANS 255 COMPUTE STATISTICS 
  STORAGE(INITIAL 65536 NEXT 1048576 MINEXTENTS 1 MAXEXTENTS 2147483645
  PCTINCREASE 0 FREELISTS 1 FREELIST GROUPS 1
  BUFFER_POOL DEFAULT FLASH_CACHE DEFAULT CELL_FLASH_CACHE DEFAULT)
  TABLESPACE "USERS"  ENABLE;
--------------------------------------------------------
--  Constraints for Table EXAMENES_BANCOS
--------------------------------------------------------

  ALTER TABLE "PROYECTOBD2"."EXAMENES_BANCOS" MODIFY ("EXAMENES_ID_EXAMEN" NOT NULL ENABLE);
  ALTER TABLE "PROYECTOBD2"."EXAMENES_BANCOS" MODIFY ("BANCOS_DE_PREGUNTAS_ID_BANCO" NOT NULL ENABLE);
  ALTER TABLE "PROYECTOBD2"."EXAMENES_BANCOS" ADD CONSTRAINT "EXAMENES_BANCOS_PK" PRIMARY KEY ("EXAMENES_ID_EXAMEN", "BANCOS_DE_PREGUNTAS_ID_BANCO")
  USING INDEX PCTFREE 10 INITRANS 2 MAXTRANS 255 COMPUTE STATISTICS 
  TABLESPACE "USERS"  ENABLE;
--------------------------------------------------------
--  Constraints for Table EXAMENES_PREGUNTAS
--------------------------------------------------------

  ALTER TABLE "PROYECTOBD2"."EXAMENES_PREGUNTAS" MODIFY ("EXAMENES_ID_EXAMEN" NOT NULL ENABLE);
  ALTER TABLE "PROYECTOBD2"."EXAMENES_PREGUNTAS" MODIFY ("PREGUNTAS_ID_PREGUNTA" NOT NULL ENABLE);
  ALTER TABLE "PROYECTOBD2"."EXAMENES_PREGUNTAS" ADD CONSTRAINT "EXAMENES_PREGUNTAS_PK" PRIMARY KEY ("EXAMENES_ID_EXAMEN", "PREGUNTAS_ID_PREGUNTA")
  USING INDEX PCTFREE 10 INITRANS 2 MAXTRANS 255 COMPUTE STATISTICS 
  STORAGE(INITIAL 65536 NEXT 1048576 MINEXTENTS 1 MAXEXTENTS 2147483645
  PCTINCREASE 0 FREELISTS 1 FREELIST GROUPS 1
  BUFFER_POOL DEFAULT FLASH_CACHE DEFAULT CELL_FLASH_CACHE DEFAULT)
  TABLESPACE "USERS"  ENABLE;
--------------------------------------------------------
--  Constraints for Table EXAMENES_PRESENTADOS
--------------------------------------------------------

  ALTER TABLE "PROYECTOBD2"."EXAMENES_PRESENTADOS" MODIFY ("ID_EXAMEN_PRESENTADO" NOT NULL ENABLE);
  ALTER TABLE "PROYECTOBD2"."EXAMENES_PRESENTADOS" MODIFY ("FECHA_PRESENTACION" NOT NULL ENABLE);
  ALTER TABLE "PROYECTOBD2"."EXAMENES_PRESENTADOS" MODIFY ("CALIFICACION" NOT NULL ENABLE);
  ALTER TABLE "PROYECTOBD2"."EXAMENES_PRESENTADOS" MODIFY ("TIEMPO_TOMADO" NOT NULL ENABLE);
  ALTER TABLE "PROYECTOBD2"."EXAMENES_PRESENTADOS" MODIFY ("DIRECCION_IP" NOT NULL ENABLE);
  ALTER TABLE "PROYECTOBD2"."EXAMENES_PRESENTADOS" MODIFY ("EXAM_ASIGNADOS_EXAM_ID_EXAM" NOT NULL ENABLE);
  ALTER TABLE "PROYECTOBD2"."EXAMENES_PRESENTADOS" MODIFY ("ESTUDIANTES_ID_ESTUDIANTE" NOT NULL ENABLE);
  ALTER TABLE "PROYECTOBD2"."EXAMENES_PRESENTADOS" MODIFY ("EXAM_ASIGNADO_GRUP_ID_GRUP" NOT NULL ENABLE);
  ALTER TABLE "PROYECTOBD2"."EXAMENES_PRESENTADOS" ADD CONSTRAINT "EXAMENES_PRESENTADOS_PK" PRIMARY KEY ("ID_EXAMEN_PRESENTADO")
  USING INDEX PCTFREE 10 INITRANS 2 MAXTRANS 255 COMPUTE STATISTICS 
  STORAGE(INITIAL 65536 NEXT 1048576 MINEXTENTS 1 MAXEXTENTS 2147483645
  PCTINCREASE 0 FREELISTS 1 FREELIST GROUPS 1
  BUFFER_POOL DEFAULT FLASH_CACHE DEFAULT CELL_FLASH_CACHE DEFAULT)
  TABLESPACE "USERS"  ENABLE;
--------------------------------------------------------
--  Constraints for Table GRUPOS
--------------------------------------------------------

  ALTER TABLE "PROYECTOBD2"."GRUPOS" MODIFY ("ID_GRUPO" NOT NULL ENABLE);
  ALTER TABLE "PROYECTOBD2"."GRUPOS" MODIFY ("CURSOS_ID_CURSO" NOT NULL ENABLE);
  ALTER TABLE "PROYECTOBD2"."GRUPOS" MODIFY ("DOCENTES_ID_DOCENTE" NOT NULL ENABLE);
  ALTER TABLE "PROYECTOBD2"."GRUPOS" ADD CONSTRAINT "GRUPOS_PK" PRIMARY KEY ("ID_GRUPO")
  USING INDEX PCTFREE 10 INITRANS 2 MAXTRANS 255 COMPUTE STATISTICS 
  STORAGE(INITIAL 65536 NEXT 1048576 MINEXTENTS 1 MAXEXTENTS 2147483645
  PCTINCREASE 0 FREELISTS 1 FREELIST GROUPS 1
  BUFFER_POOL DEFAULT FLASH_CACHE DEFAULT CELL_FLASH_CACHE DEFAULT)
  TABLESPACE "USERS"  ENABLE;
--------------------------------------------------------
--  Constraints for Table HORARIOS
--------------------------------------------------------

  ALTER TABLE "PROYECTOBD2"."HORARIOS" MODIFY ("ID_HORARIO" NOT NULL ENABLE);
  ALTER TABLE "PROYECTOBD2"."HORARIOS" MODIFY ("HORA_INICIO" NOT NULL ENABLE);
  ALTER TABLE "PROYECTOBD2"."HORARIOS" MODIFY ("HORA_FIN" NOT NULL ENABLE);
  ALTER TABLE "PROYECTOBD2"."HORARIOS" MODIFY ("DIA_SEMANA" NOT NULL ENABLE);
  ALTER TABLE "PROYECTOBD2"."HORARIOS" MODIFY ("GRUPOS_ID_GRUPO" NOT NULL ENABLE);
  ALTER TABLE "PROYECTOBD2"."HORARIOS" ADD CONSTRAINT "HORARIOS_PK" PRIMARY KEY ("ID_HORARIO")
  USING INDEX PCTFREE 10 INITRANS 2 MAXTRANS 255 COMPUTE STATISTICS 
  STORAGE(INITIAL 65536 NEXT 1048576 MINEXTENTS 1 MAXEXTENTS 2147483645
  PCTINCREASE 0 FREELISTS 1 FREELIST GROUPS 1
  BUFFER_POOL DEFAULT FLASH_CACHE DEFAULT CELL_FLASH_CACHE DEFAULT)
  TABLESPACE "USERS"  ENABLE;
--------------------------------------------------------
--  Constraints for Table OPCIONES_PREGUNTA
--------------------------------------------------------

  ALTER TABLE "PROYECTOBD2"."OPCIONES_PREGUNTA" MODIFY ("ID_OPCION" NOT NULL ENABLE);
  ALTER TABLE "PROYECTOBD2"."OPCIONES_PREGUNTA" MODIFY ("PREGUNTAS_ID_PREGUNTA" NOT NULL ENABLE);
  ALTER TABLE "PROYECTOBD2"."OPCIONES_PREGUNTA" ADD CONSTRAINT "OPCIONES_PREGUNTA_PK" PRIMARY KEY ("ID_OPCION")
  USING INDEX PCTFREE 10 INITRANS 2 MAXTRANS 255 COMPUTE STATISTICS 
  STORAGE(INITIAL 65536 NEXT 1048576 MINEXTENTS 1 MAXEXTENTS 2147483645
  PCTINCREASE 0 FREELISTS 1 FREELIST GROUPS 1
  BUFFER_POOL DEFAULT FLASH_CACHE DEFAULT CELL_FLASH_CACHE DEFAULT)
  TABLESPACE "USERS"  ENABLE;
--------------------------------------------------------
--  Constraints for Table PREGUNTAS
--------------------------------------------------------

  ALTER TABLE "PROYECTOBD2"."PREGUNTAS" MODIFY ("ID_PREGUNTA" NOT NULL ENABLE);
  ALTER TABLE "PROYECTOBD2"."PREGUNTAS" MODIFY ("TIPO_PREGUNTA_ID_TIPO" NOT NULL ENABLE);
  ALTER TABLE "PROYECTOBD2"."PREGUNTAS" ADD CONSTRAINT "PREGUNTAS_PK" PRIMARY KEY ("ID_PREGUNTA")
  USING INDEX PCTFREE 10 INITRANS 2 MAXTRANS 255 COMPUTE STATISTICS 
  STORAGE(INITIAL 65536 NEXT 1048576 MINEXTENTS 1 MAXEXTENTS 2147483645
  PCTINCREASE 0 FREELISTS 1 FREELIST GROUPS 1
  BUFFER_POOL DEFAULT FLASH_CACHE DEFAULT CELL_FLASH_CACHE DEFAULT)
  TABLESPACE "USERS"  ENABLE;
--------------------------------------------------------
--  Constraints for Table PREGUNTAS_BANCOS
--------------------------------------------------------

  ALTER TABLE "PROYECTOBD2"."PREGUNTAS_BANCOS" MODIFY ("BANCOS_DE_PREGUNTAS_ID_BANCO" NOT NULL ENABLE);
  ALTER TABLE "PROYECTOBD2"."PREGUNTAS_BANCOS" MODIFY ("PREGUNTAS_ID_PREGUNTA" NOT NULL ENABLE);
  ALTER TABLE "PROYECTOBD2"."PREGUNTAS_BANCOS" ADD CONSTRAINT "PREGUNTAS_BANCOS_PK" PRIMARY KEY ("BANCOS_DE_PREGUNTAS_ID_BANCO", "PREGUNTAS_ID_PREGUNTA")
  USING INDEX PCTFREE 10 INITRANS 2 MAXTRANS 255 COMPUTE STATISTICS 
  STORAGE(INITIAL 65536 NEXT 1048576 MINEXTENTS 1 MAXEXTENTS 2147483645
  PCTINCREASE 0 FREELISTS 1 FREELIST GROUPS 1
  BUFFER_POOL DEFAULT FLASH_CACHE DEFAULT CELL_FLASH_CACHE DEFAULT)
  TABLESPACE "USERS"  ENABLE;
--------------------------------------------------------
--  Constraints for Table RESPUESTAS_ESTUDIANTES
--------------------------------------------------------

  ALTER TABLE "PROYECTOBD2"."RESPUESTAS_ESTUDIANTES" MODIFY ("EXAM_PRESENTADOS_ID_EXAM_PRES" NOT NULL ENABLE);
  ALTER TABLE "PROYECTOBD2"."RESPUESTAS_ESTUDIANTES" MODIFY ("PREGUNTAS_ID_PREGUNTA" NOT NULL ENABLE);
  ALTER TABLE "PROYECTOBD2"."RESPUESTAS_ESTUDIANTES" MODIFY ("OPCIONES_PREGUNTA_ID_OPCION" NOT NULL ENABLE);
  ALTER TABLE "PROYECTOBD2"."RESPUESTAS_ESTUDIANTES" ADD CONSTRAINT "RESPUESTAS_ESTUDIANTES_PK" PRIMARY KEY ("PREGUNTAS_ID_PREGUNTA", "OPCIONES_PREGUNTA_ID_OPCION", "EXAM_PRESENTADOS_ID_EXAM_PRES")
  USING INDEX PCTFREE 10 INITRANS 2 MAXTRANS 255 COMPUTE STATISTICS 
  STORAGE(INITIAL 65536 NEXT 1048576 MINEXTENTS 1 MAXEXTENTS 2147483645
  PCTINCREASE 0 FREELISTS 1 FREELIST GROUPS 1
  BUFFER_POOL DEFAULT FLASH_CACHE DEFAULT CELL_FLASH_CACHE DEFAULT)
  TABLESPACE "USERS"  ENABLE;
--------------------------------------------------------
--  Constraints for Table ROLES
--------------------------------------------------------

  ALTER TABLE "PROYECTOBD2"."ROLES" MODIFY ("ID_ROLE" NOT NULL ENABLE);
  ALTER TABLE "PROYECTOBD2"."ROLES" ADD CONSTRAINT "ROLES_PK" PRIMARY KEY ("ID_ROLE")
  USING INDEX PCTFREE 10 INITRANS 2 MAXTRANS 255 COMPUTE STATISTICS 
  STORAGE(INITIAL 65536 NEXT 1048576 MINEXTENTS 1 MAXEXTENTS 2147483645
  PCTINCREASE 0 FREELISTS 1 FREELIST GROUPS 1
  BUFFER_POOL DEFAULT FLASH_CACHE DEFAULT CELL_FLASH_CACHE DEFAULT)
  TABLESPACE "USERS"  ENABLE;
--------------------------------------------------------
--  Constraints for Table TEMAS
--------------------------------------------------------

  ALTER TABLE "PROYECTOBD2"."TEMAS" MODIFY ("ID_TEMA" NOT NULL ENABLE);
  ALTER TABLE "PROYECTOBD2"."TEMAS" ADD CONSTRAINT "TEMAS_PK" PRIMARY KEY ("ID_TEMA")
  USING INDEX PCTFREE 10 INITRANS 2 MAXTRANS 255 COMPUTE STATISTICS 
  STORAGE(INITIAL 65536 NEXT 1048576 MINEXTENTS 1 MAXEXTENTS 2147483645
  PCTINCREASE 0 FREELISTS 1 FREELIST GROUPS 1
  BUFFER_POOL DEFAULT FLASH_CACHE DEFAULT CELL_FLASH_CACHE DEFAULT)
  TABLESPACE "USERS"  ENABLE;
--------------------------------------------------------
--  Constraints for Table TIPO_PREGUNTA
--------------------------------------------------------

  ALTER TABLE "PROYECTOBD2"."TIPO_PREGUNTA" MODIFY ("ID_TIPO" NOT NULL ENABLE);
  ALTER TABLE "PROYECTOBD2"."TIPO_PREGUNTA" ADD CONSTRAINT "TIPO_PREGUNTA_PK" PRIMARY KEY ("ID_TIPO")
  USING INDEX PCTFREE 10 INITRANS 2 MAXTRANS 255 COMPUTE STATISTICS 
  STORAGE(INITIAL 65536 NEXT 1048576 MINEXTENTS 1 MAXEXTENTS 2147483645
  PCTINCREASE 0 FREELISTS 1 FREELIST GROUPS 1
  BUFFER_POOL DEFAULT FLASH_CACHE DEFAULT CELL_FLASH_CACHE DEFAULT)
  TABLESPACE "USERS"  ENABLE;
--------------------------------------------------------
--  Constraints for Table UNIDADES
--------------------------------------------------------

  ALTER TABLE "PROYECTOBD2"."UNIDADES" MODIFY ("ID_UNIDAD" NOT NULL ENABLE);
  ALTER TABLE "PROYECTOBD2"."UNIDADES" MODIFY ("CURSOS_ID_CURSO" NOT NULL ENABLE);
  ALTER TABLE "PROYECTOBD2"."UNIDADES" ADD CONSTRAINT "UNIDADES_PK" PRIMARY KEY ("ID_UNIDAD")
  USING INDEX PCTFREE 10 INITRANS 2 MAXTRANS 255 COMPUTE STATISTICS 
  TABLESPACE "USERS"  ENABLE;
--------------------------------------------------------
--  Constraints for Table USUARIOS
--------------------------------------------------------

  ALTER TABLE "PROYECTOBD2"."USUARIOS" MODIFY ("ID_USUARIO" NOT NULL ENABLE);
  ALTER TABLE "PROYECTOBD2"."USUARIOS" MODIFY ("CORREO" NOT NULL ENABLE);
  ALTER TABLE "PROYECTOBD2"."USUARIOS" MODIFY ("CLAVE" NOT NULL ENABLE);
  ALTER TABLE "PROYECTOBD2"."USUARIOS" MODIFY ("ROLES_ID_ROLE" NOT NULL ENABLE);
  ALTER TABLE "PROYECTOBD2"."USUARIOS" ADD CONSTRAINT "USUARIOS_PK" PRIMARY KEY ("ID_USUARIO")
  USING INDEX PCTFREE 10 INITRANS 2 MAXTRANS 255 COMPUTE STATISTICS 
  STORAGE(INITIAL 65536 NEXT 1048576 MINEXTENTS 1 MAXEXTENTS 2147483645
  PCTINCREASE 0 FREELISTS 1 FREELIST GROUPS 1
  BUFFER_POOL DEFAULT FLASH_CACHE DEFAULT CELL_FLASH_CACHE DEFAULT)
  TABLESPACE "USERS"  ENABLE;
  ALTER TABLE "PROYECTOBD2"."USUARIOS" ADD CONSTRAINT "USUARIOS__UN" UNIQUE ("CORREO")
  USING INDEX PCTFREE 10 INITRANS 2 MAXTRANS 255 COMPUTE STATISTICS 
  STORAGE(INITIAL 65536 NEXT 1048576 MINEXTENTS 1 MAXEXTENTS 2147483645
  PCTINCREASE 0 FREELISTS 1 FREELIST GROUPS 1
  BUFFER_POOL DEFAULT FLASH_CACHE DEFAULT CELL_FLASH_CACHE DEFAULT)
  TABLESPACE "USERS"  ENABLE;
--------------------------------------------------------
--  Ref Constraints for Table BANCOS_DE_PREGUNTAS
--------------------------------------------------------

  ALTER TABLE "PROYECTOBD2"."BANCOS_DE_PREGUNTAS" ADD CONSTRAINT "BANCOS_DE_PREGU_DOCENTE_FK" FOREIGN KEY ("DOCENTES_ID_DOCENTE")
	  REFERENCES "PROYECTOBD2"."DOCENTES" ("ID_DOCENTE") ENABLE;
  ALTER TABLE "PROYECTOBD2"."BANCOS_DE_PREGUNTAS" ADD CONSTRAINT "BANCOS_DE_PREGU_TEMAS_FK" FOREIGN KEY ("TEMAS_ID_TEMA")
	  REFERENCES "PROYECTOBD2"."TEMAS" ("ID_TEMA") ENABLE;
--------------------------------------------------------
--  Ref Constraints for Table CONTENIDOS
--------------------------------------------------------

  ALTER TABLE "PROYECTOBD2"."CONTENIDOS" ADD CONSTRAINT "CONTENIDOS_UNIDADES_FK" FOREIGN KEY ("UNIDADES_ID_UNIDAD")
	  REFERENCES "PROYECTOBD2"."UNIDADES" ("ID_UNIDAD") ENABLE;
--------------------------------------------------------
--  Ref Constraints for Table DOCENTES
--------------------------------------------------------

  ALTER TABLE "PROYECTOBD2"."DOCENTES" ADD CONSTRAINT "DOCENTES_USUARIOS_FK" FOREIGN KEY ("USUARIOS_ID_USUARIO")
	  REFERENCES "PROYECTOBD2"."USUARIOS" ("ID_USUARIO") ENABLE;
--------------------------------------------------------
--  Ref Constraints for Table ESTUDIANTES
--------------------------------------------------------

  ALTER TABLE "PROYECTOBD2"."ESTUDIANTES" ADD CONSTRAINT "ESTUDIANTES_USUARIOS_FK" FOREIGN KEY ("USUARIOS_ID_USUARIO")
	  REFERENCES "PROYECTOBD2"."USUARIOS" ("ID_USUARIO") ENABLE;
--------------------------------------------------------
--  Ref Constraints for Table ESTUDIANTES_INSCRITOS
--------------------------------------------------------

  ALTER TABLE "PROYECTOBD2"."ESTUDIANTES_INSCRITOS" ADD CONSTRAINT "ESTUD_INSCRITOS_ESTUD_FK" FOREIGN KEY ("ESTUDIANTES_ID_ESTUDIANTE")
	  REFERENCES "PROYECTOBD2"."ESTUDIANTES" ("ID_ESTUDIANTE") ENABLE;
  ALTER TABLE "PROYECTOBD2"."ESTUDIANTES_INSCRITOS" ADD CONSTRAINT "ESTUD_INSCRITOS_GRUP_FK" FOREIGN KEY ("GRUPOS_ID_GRUPO")
	  REFERENCES "PROYECTOBD2"."GRUPOS" ("ID_GRUPO") ENABLE;
--------------------------------------------------------
--  Ref Constraints for Table EXAMENES
--------------------------------------------------------

  ALTER TABLE "PROYECTOBD2"."EXAMENES" ADD CONSTRAINT "EXAMENES_DOCENTES_FK" FOREIGN KEY ("DOCENTES_ID_DOCENTE")
	  REFERENCES "PROYECTOBD2"."DOCENTES" ("ID_DOCENTE") ENABLE;
  ALTER TABLE "PROYECTOBD2"."EXAMENES" ADD CONSTRAINT "EXAMENES_TEMAS_FK" FOREIGN KEY ("TEMAS_ID_TEMA")
	  REFERENCES "PROYECTOBD2"."TEMAS" ("ID_TEMA") ENABLE;
--------------------------------------------------------
--  Ref Constraints for Table EXAMENES_ASIGNADOS
--------------------------------------------------------

  ALTER TABLE "PROYECTOBD2"."EXAMENES_ASIGNADOS" ADD CONSTRAINT "EXAM_ASIGNADOS_EXAMENES_FK" FOREIGN KEY ("EXAMENES_ID_EXAMEN")
	  REFERENCES "PROYECTOBD2"."EXAMENES" ("ID_EXAMEN") ENABLE;
  ALTER TABLE "PROYECTOBD2"."EXAMENES_ASIGNADOS" ADD CONSTRAINT "EXAM_ASIGNADOS_GRUPOS_FK" FOREIGN KEY ("GRUPOS_ID_GRUPO")
	  REFERENCES "PROYECTOBD2"."GRUPOS" ("ID_GRUPO") ENABLE;
--------------------------------------------------------
--  Ref Constraints for Table EXAMENES_BANCOS
--------------------------------------------------------

  ALTER TABLE "PROYECTOBD2"."EXAMENES_BANCOS" ADD CONSTRAINT "EXAM_BANCOS_BANCO_DE_PREGU_FK" FOREIGN KEY ("BANCOS_DE_PREGUNTAS_ID_BANCO")
	  REFERENCES "PROYECTOBD2"."BANCOS_DE_PREGUNTAS" ("ID_BANCO_PREGUNTAS") ENABLE;
  ALTER TABLE "PROYECTOBD2"."EXAMENES_BANCOS" ADD CONSTRAINT "EXAM_BANCOS_EXAMENES_FK" FOREIGN KEY ("EXAMENES_ID_EXAMEN")
	  REFERENCES "PROYECTOBD2"."EXAMENES" ("ID_EXAMEN") ENABLE;
--------------------------------------------------------
--  Ref Constraints for Table EXAMENES_PREGUNTAS
--------------------------------------------------------

  ALTER TABLE "PROYECTOBD2"."EXAMENES_PREGUNTAS" ADD CONSTRAINT "EXAM_PREGUNTAS_EXAMENES_FK" FOREIGN KEY ("EXAMENES_ID_EXAMEN")
	  REFERENCES "PROYECTOBD2"."EXAMENES" ("ID_EXAMEN") ENABLE;
  ALTER TABLE "PROYECTOBD2"."EXAMENES_PREGUNTAS" ADD CONSTRAINT "EXAM_PREGUNTAS_PREGUNTAS_FK" FOREIGN KEY ("PREGUNTAS_ID_PREGUNTA")
	  REFERENCES "PROYECTOBD2"."PREGUNTAS" ("ID_PREGUNTA") ENABLE;
--------------------------------------------------------
--  Ref Constraints for Table EXAMENES_PRESENTADOS
--------------------------------------------------------

  ALTER TABLE "PROYECTOBD2"."EXAMENES_PRESENTADOS" ADD CONSTRAINT "EXAMENES_PRESENT_EST_FK" FOREIGN KEY ("ESTUDIANTES_ID_ESTUDIANTE")
	  REFERENCES "PROYECTOBD2"."ESTUDIANTES" ("ID_ESTUDIANTE") ENABLE;
  ALTER TABLE "PROYECTOBD2"."EXAMENES_PRESENTADOS" ADD CONSTRAINT "EXAMENES_PRESENT_EXAM_ASIG_FK" FOREIGN KEY ("EXAM_ASIGNADOS_EXAM_ID_EXAM", "EXAM_ASIGNADO_GRUP_ID_GRUP")
	  REFERENCES "PROYECTOBD2"."EXAMENES_ASIGNADOS" ("EXAMENES_ID_EXAMEN", "GRUPOS_ID_GRUPO") ENABLE;
--------------------------------------------------------
--  Ref Constraints for Table GRUPOS
--------------------------------------------------------

  ALTER TABLE "PROYECTOBD2"."GRUPOS" ADD CONSTRAINT "GRUPOS_CURSOS_FK" FOREIGN KEY ("CURSOS_ID_CURSO")
	  REFERENCES "PROYECTOBD2"."CURSOS" ("ID_CURSO") ENABLE;
  ALTER TABLE "PROYECTOBD2"."GRUPOS" ADD CONSTRAINT "GRUPOS_DOCENTES_FK" FOREIGN KEY ("DOCENTES_ID_DOCENTE")
	  REFERENCES "PROYECTOBD2"."DOCENTES" ("ID_DOCENTE") ENABLE;
--------------------------------------------------------
--  Ref Constraints for Table HORARIOS
--------------------------------------------------------

  ALTER TABLE "PROYECTOBD2"."HORARIOS" ADD CONSTRAINT "HORARIOS_GRUPOS_FK" FOREIGN KEY ("GRUPOS_ID_GRUPO")
	  REFERENCES "PROYECTOBD2"."GRUPOS" ("ID_GRUPO") ENABLE;
--------------------------------------------------------
--  Ref Constraints for Table OPCIONES_PREGUNTA
--------------------------------------------------------

  ALTER TABLE "PROYECTOBD2"."OPCIONES_PREGUNTA" ADD CONSTRAINT "OPCIONES_PREGUNTA_PREGU_FK" FOREIGN KEY ("PREGUNTAS_ID_PREGUNTA")
	  REFERENCES "PROYECTOBD2"."PREGUNTAS" ("ID_PREGUNTA") ENABLE;
--------------------------------------------------------
--  Ref Constraints for Table PREGUNTAS
--------------------------------------------------------

  ALTER TABLE "PROYECTOBD2"."PREGUNTAS" ADD CONSTRAINT "PREGUNTAS_PREGUNTAS_FK" FOREIGN KEY ("PREGUNTAS_ID_PREGUNTA")
	  REFERENCES "PROYECTOBD2"."PREGUNTAS" ("ID_PREGUNTA") ENABLE;
  ALTER TABLE "PROYECTOBD2"."PREGUNTAS" ADD CONSTRAINT "PREGUNTAS_TIPO_PREGU_FK" FOREIGN KEY ("TIPO_PREGUNTA_ID_TIPO")
	  REFERENCES "PROYECTOBD2"."TIPO_PREGUNTA" ("ID_TIPO") ENABLE;
--------------------------------------------------------
--  Ref Constraints for Table PREGUNTAS_BANCOS
--------------------------------------------------------

  ALTER TABLE "PROYECTOBD2"."PREGUNTAS_BANCOS" ADD CONSTRAINT "PREGU_BANCO_BANCO_DE_PREGU_FK" FOREIGN KEY ("BANCOS_DE_PREGUNTAS_ID_BANCO")
	  REFERENCES "PROYECTOBD2"."BANCOS_DE_PREGUNTAS" ("ID_BANCO_PREGUNTAS") ENABLE;
  ALTER TABLE "PROYECTOBD2"."PREGUNTAS_BANCOS" ADD CONSTRAINT "PREGUNTAS_BANCOS_PREGUNTAS_FK" FOREIGN KEY ("PREGUNTAS_ID_PREGUNTA")
	  REFERENCES "PROYECTOBD2"."PREGUNTAS" ("ID_PREGUNTA") ENABLE;
--------------------------------------------------------
--  Ref Constraints for Table RESPUESTAS_ESTUDIANTES
--------------------------------------------------------

  ALTER TABLE "PROYECTOBD2"."RESPUESTAS_ESTUDIANTES" ADD CONSTRAINT "RESPUESTAS_EST_EXAM_PRESENT_FK" FOREIGN KEY ("EXAM_PRESENTADOS_ID_EXAM_PRES")
	  REFERENCES "PROYECTOBD2"."EXAMENES_PRESENTADOS" ("ID_EXAMEN_PRESENTADO") ENABLE;
  ALTER TABLE "PROYECTOBD2"."RESPUESTAS_ESTUDIANTES" ADD CONSTRAINT "RESPUESTAS_EST_OPC_PREGU_FK" FOREIGN KEY ("OPCIONES_PREGUNTA_ID_OPCION")
	  REFERENCES "PROYECTOBD2"."OPCIONES_PREGUNTA" ("ID_OPCION") ENABLE;
  ALTER TABLE "PROYECTOBD2"."RESPUESTAS_ESTUDIANTES" ADD CONSTRAINT "RESPUESTAS_EST_PREGUNTAS_FK" FOREIGN KEY ("PREGUNTAS_ID_PREGUNTA")
	  REFERENCES "PROYECTOBD2"."PREGUNTAS" ("ID_PREGUNTA") ENABLE;
--------------------------------------------------------
--  Ref Constraints for Table UNIDADES
--------------------------------------------------------

  ALTER TABLE "PROYECTOBD2"."UNIDADES" ADD CONSTRAINT "UNIDADES_CURSOS_FK" FOREIGN KEY ("CURSOS_ID_CURSO")
	  REFERENCES "PROYECTOBD2"."CURSOS" ("ID_CURSO") ENABLE;
--------------------------------------------------------
--  Ref Constraints for Table USUARIOS
--------------------------------------------------------

  ALTER TABLE "PROYECTOBD2"."USUARIOS" ADD CONSTRAINT "USUARIOS_ROLES_FK" FOREIGN KEY ("ROLES_ID_ROLE")
	  REFERENCES "PROYECTOBD2"."ROLES" ("ID_ROLE") ENABLE;
